# GA4 Traffic acquisition, окно 2026-06-15..2026-09-12
# Снято ботом 2026-09-13. Правки руками будут стёрты следующим прогоном.
site,channel,sessions,engaged,engagement_rate,avg_time
gspaytables,Organic Search,177,107,60.45%,3m 05s
gspaytables,Direct,121,12,9.92%,3s
gspaytables,Referral,2,2,100%,56s
gspaytables,Unassigned,2,0,0%,0s
mileagecurve,Direct,122,4,3.28%,13s
mileagecurve,Organic Search,9,5,55.56%,1m 04s
mileagecurve,AI Assistant,4,3,75%,4m 27s
mileagecurve,Cross-network,1,0,0%,8s
mileagecurve,Unassigned,1,0,0%,0s
