# Перепись индексации по адресам карты сайта; обновляется ПО КРУГУ, у каждого адреса своя дата проверки. Считать по verdict (enum), НЕ по coverage: coverage — человекочитаемая строка без объявленного набора значений
# Снято ботом 2026-09-08. Правки руками будут стёрты следующим прогоном.
site,url,verdict,coverage,fetch_state,robots,last_crawl,checked
gspaytables,https://gspaytables.com/,PASS,Submitted and indexed,SUCCESSFUL,ALLOWED,2026-08-28,2026-09-08
gspaytables,https://gspaytables.com/locality/state-of-alaska/,PASS,Submitted and indexed,SUCCESSFUL,ALLOWED,2026-09-03,2026-09-08
gspaytables,https://gspaytables.com/locality/albany-schenectady-ny-ma/,PASS,Submitted and indexed,SUCCESSFUL,ALLOWED,2026-08-26,2026-09-08
gspaytables,https://gspaytables.com/locality/albuquerque-santa-fe-las-vegas-nm/,PASS,Submitted and indexed,SUCCESSFUL,ALLOWED,2026-09-02,2026-09-08
gspaytables,https://gspaytables.com/locality/atlanta-athens-clarke-county-sandy-springs-ga-al/,PASS,Submitted and indexed,SUCCESSFUL,ALLOWED,2026-08-26,2026-09-08
gspaytables,https://gspaytables.com/locality/austin-round-rock-georgetown-tx/,PASS,Submitted and indexed,SUCCESSFUL,ALLOWED,2026-08-26,2026-09-08
gspaytables,https://gspaytables.com/locality/birmingham-hoover-talladega-al/,PASS,Submitted and indexed,SUCCESSFUL,ALLOWED,2026-09-01,2026-09-08
gspaytables,https://gspaytables.com/locality/burlington-south-burlington-barre-vt/,PASS,Submitted and indexed,SUCCESSFUL,ALLOWED,2026-08-30,2026-09-08
gspaytables,https://gspaytables.com/locality/boston-worcester-providence-ma-ri-nh-ct-me-vt/,PASS,Submitted and indexed,SUCCESSFUL,ALLOWED,2026-09-01,2026-09-08
gspaytables,https://gspaytables.com/locality/buffalo-cheektowaga-olean-ny/,PASS,Submitted and indexed,SUCCESSFUL,ALLOWED,2026-08-26,2026-09-08
gspaytables,https://gspaytables.com/locality/corpus-christi-kingsville-alice-tx/,PASS,Submitted and indexed,SUCCESSFUL,ALLOWED,2026-08-26,2026-09-08
gspaytables,https://gspaytables.com/locality/chicago-naperville-il-in-wi/,PASS,Submitted and indexed,SUCCESSFUL,ALLOWED,2026-08-31,2026-09-08
gspaytables,https://gspaytables.com/locality/cincinnati-wilmington-maysville-oh-ky-in/,PASS,Submitted and indexed,SUCCESSFUL,ALLOWED,2026-08-26,2026-09-08
gspaytables,https://gspaytables.com/locality/cleveland-akron-canton-oh-pa/,PASS,Submitted and indexed,SUCCESSFUL,ALLOWED,2026-08-26,2026-09-08
gspaytables,https://gspaytables.com/locality/columbus-marion-zanesville-oh/,PASS,Submitted and indexed,SUCCESSFUL,ALLOWED,2026-08-26,2026-09-08
gspaytables,https://gspaytables.com/locality/colorado-springs-co/,PASS,Submitted and indexed,SUCCESSFUL,ALLOWED,2026-08-30,2026-09-08
gspaytables,https://gspaytables.com/locality/charlotte-concord-nc-sc/,PASS,Submitted and indexed,SUCCESSFUL,ALLOWED,2026-08-26,2026-09-08
gspaytables,https://gspaytables.com/locality/dayton-springfield-kettering-oh/,PASS,Submitted and indexed,SUCCESSFUL,ALLOWED,2026-08-31,2026-09-08
gspaytables,https://gspaytables.com/locality/washington-baltimore-arlington-dc-md-va-wv-pa/,PASS,Submitted and indexed,SUCCESSFUL,ALLOWED,2026-08-26,2026-09-08
gspaytables,https://gspaytables.com/locality/denver-aurora-co/,PASS,Submitted and indexed,SUCCESSFUL,ALLOWED,2026-08-31,2026-09-08
gspaytables,https://gspaytables.com/locality/detroit-warren-ann-arbor-mi/,PASS,Submitted and indexed,SUCCESSFUL,ALLOWED,2026-09-01,2026-09-08
gspaytables,https://gspaytables.com/locality/dallas-fort-worth-tx-ok/,PASS,Submitted and indexed,SUCCESSFUL,ALLOWED,2026-09-02,2026-09-08
gspaytables,https://gspaytables.com/locality/des-moines-ames-west-des-moines-ia/,PASS,Submitted and indexed,SUCCESSFUL,ALLOWED,2026-08-26,2026-09-08
gspaytables,https://gspaytables.com/locality/davenport-moline-ia-il/,PASS,Submitted and indexed,SUCCESSFUL,ALLOWED,2026-08-26,2026-09-08
gspaytables,https://gspaytables.com/locality/fresno-madera-hanford-ca/,PASS,Submitted and indexed,SUCCESSFUL,ALLOWED,2026-08-28,2026-09-08
gspaytables,https://gspaytables.com/locality/hartford-east-hartford-ct-ma/,PASS,Submitted and indexed,SUCCESSFUL,ALLOWED,2026-09-02,2026-09-08
gspaytables,https://gspaytables.com/locality/harrisburg-lebanon-pa/,PASS,Submitted and indexed,SUCCESSFUL,ALLOWED,2026-09-03,2026-09-08
gspaytables,https://gspaytables.com/locality/state-of-hawaii/,PASS,Submitted and indexed,SUCCESSFUL,ALLOWED,2026-08-26,2026-09-08
gspaytables,https://gspaytables.com/locality/huntsville-decatur-al-tn/,PASS,Submitted and indexed,SUCCESSFUL,ALLOWED,2026-09-02,2026-09-08
gspaytables,https://gspaytables.com/locality/houston-the-woodlands-tx/,PASS,Submitted and indexed,SUCCESSFUL,ALLOWED,2026-08-31,2026-09-08
gspaytables,https://gspaytables.com/locality/indianapolis-carmel-muncie-in/,PASS,Submitted and indexed,SUCCESSFUL,ALLOWED,2026-08-26,2026-09-08
gspaytables,https://gspaytables.com/locality/kansas-city-overland-park-kansas-city-mo-ks/,PASS,Submitted and indexed,SUCCESSFUL,ALLOWED,2026-08-28,2026-09-08
gspaytables,https://gspaytables.com/locality/los-angeles-long-beach-ca/,PASS,Submitted and indexed,SUCCESSFUL,ALLOWED,2026-08-30,2026-09-08
gspaytables,https://gspaytables.com/locality/laredo-tx/,PASS,Submitted and indexed,SUCCESSFUL,ALLOWED,2026-08-26,2026-09-08
gspaytables,https://gspaytables.com/locality/las-vegas-henderson-nv-az/,PASS,Submitted and indexed,SUCCESSFUL,ALLOWED,2026-09-03,2026-09-08
gspaytables,https://gspaytables.com/locality/miami-port-st-lucie-fort-lauderdale-fl/,PASS,Submitted and indexed,SUCCESSFUL,ALLOWED,2026-09-01,2026-09-08
gspaytables,https://gspaytables.com/locality/milwaukee-racine-waukesha-wi/,PASS,Submitted and indexed,SUCCESSFUL,ALLOWED,2026-08-26,2026-09-08
gspaytables,https://gspaytables.com/locality/minneapolis-st-paul-mn-wi/,PASS,Submitted and indexed,SUCCESSFUL,ALLOWED,2026-09-02,2026-09-08
gspaytables,https://gspaytables.com/locality/new-york-newark-ny-nj-ct-pa/,PASS,Submitted and indexed,SUCCESSFUL,ALLOWED,2026-09-04,2026-09-08
gspaytables,https://gspaytables.com/locality/omaha-council-bluffs-fremont-ne-ia/,PASS,Submitted and indexed,SUCCESSFUL,ALLOWED,2026-08-31,2026-09-08
gspaytables,https://gspaytables.com/locality/palm-bay-melbourne-titusville-fl/,PASS,Submitted and indexed,SUCCESSFUL,ALLOWED,2026-09-02,2026-09-08
gspaytables,https://gspaytables.com/locality/philadelphia-reading-camden-pa-nj-de-md/,PASS,Submitted and indexed,SUCCESSFUL,ALLOWED,2026-08-31,2026-09-08
gspaytables,https://gspaytables.com/locality/pittsburgh-new-castle-weirton-pa-oh-wv/,PASS,Submitted and indexed,SUCCESSFUL,ALLOWED,2026-09-02,2026-09-08
gspaytables,https://gspaytables.com/locality/portland-vancouver-salem-or-wa/,PASS,Submitted and indexed,SUCCESSFUL,ALLOWED,2026-08-26,2026-09-08
gspaytables,https://gspaytables.com/locality/phoenix-mesa-az/,PASS,Submitted and indexed,SUCCESSFUL,ALLOWED,2026-08-30,2026-09-08
gspaytables,https://gspaytables.com/locality/raleigh-durham-cary-nc/,PASS,Submitted and indexed,SUCCESSFUL,ALLOWED,2026-09-02,2026-09-08
gspaytables,https://gspaytables.com/locality/richmond-va/,PASS,Submitted and indexed,SUCCESSFUL,ALLOWED,2026-09-01,2026-09-08
gspaytables,https://gspaytables.com/locality/reno-fernley-nv/,NEUTRAL,Discovered - currently not indexed,PAGE_FETCH_STATE_UNSPECIFIED,ROBOTS_TXT_STATE_UNSPECIFIED,,2026-09-08
gspaytables,https://gspaytables.com/locality/rochester-batavia-seneca-falls-ny/,PASS,Submitted and indexed,SUCCESSFUL,ALLOWED,2026-09-02,2026-09-08
gspaytables,https://gspaytables.com/locality/rest-of-u-s/,PASS,Submitted and indexed,SUCCESSFUL,ALLOWED,2026-08-26,2026-09-08
gspaytables,https://gspaytables.com/locality/sacramento-roseville-ca-nv/,PASS,Submitted and indexed,SUCCESSFUL,ALLOWED,2026-08-28,2026-09-08
gspaytables,https://gspaytables.com/locality/san-diego-chula-vista-carlsbad-ca/,PASS,Submitted and indexed,SUCCESSFUL,ALLOWED,2026-08-26,2026-09-08
gspaytables,https://gspaytables.com/locality/seattle-tacoma-wa/,PASS,Submitted and indexed,SUCCESSFUL,ALLOWED,2026-08-26,2026-09-08
gspaytables,https://gspaytables.com/locality/san-jose-san-francisco-oakland-ca/,PASS,Submitted and indexed,SUCCESSFUL,ALLOWED,2026-09-01,2026-09-08
gspaytables,https://gspaytables.com/locality/st-louis-st-charles-farmington-mo-il/,PASS,Submitted and indexed,SUCCESSFUL,ALLOWED,2026-08-26,2026-09-08
gspaytables,https://gspaytables.com/locality/spokane-spokane-valley-coeur-d-alene-wa-id/,PASS,Submitted and indexed,SUCCESSFUL,ALLOWED,2026-08-26,2026-09-08
gspaytables,https://gspaytables.com/locality/san-antonio-new-braunfels-pearsall-tx/,PASS,Submitted and indexed,SUCCESSFUL,ALLOWED,2026-08-26,2026-09-08
gspaytables,https://gspaytables.com/locality/tucson-nogales-az/,PASS,Submitted and indexed,SUCCESSFUL,ALLOWED,2026-08-26,2026-09-08
gspaytables,https://gspaytables.com/locality/virginia-beach-norfolk-va-nc/,PASS,Submitted and indexed,SUCCESSFUL,ALLOWED,2026-08-26,2026-09-08
gspaytables,https://gspaytables.com/gs-1/,PASS,Submitted and indexed,SUCCESSFUL,ALLOWED,2026-08-31,2026-09-08
gspaytables,https://gspaytables.com/gs-2/,PASS,Submitted and indexed,SUCCESSFUL,ALLOWED,2026-08-26,2026-09-08
gspaytables,https://gspaytables.com/gs-3/,PASS,Submitted and indexed,SUCCESSFUL,ALLOWED,2026-08-26,2026-09-08
gspaytables,https://gspaytables.com/gs-4/,PASS,Submitted and indexed,SUCCESSFUL,ALLOWED,2026-08-28,2026-09-08
gspaytables,https://gspaytables.com/gs-5/,PASS,Submitted and indexed,SUCCESSFUL,ALLOWED,2026-08-26,2026-09-08
gspaytables,https://gspaytables.com/gs-6/,PASS,Submitted and indexed,SUCCESSFUL,ALLOWED,2026-09-01,2026-09-08
gspaytables,https://gspaytables.com/gs-7/,PASS,Submitted and indexed,SUCCESSFUL,ALLOWED,2026-09-02,2026-09-08
gspaytables,https://gspaytables.com/gs-8/,PASS,Submitted and indexed,SUCCESSFUL,ALLOWED,2026-08-30,2026-09-08
gspaytables,https://gspaytables.com/gs-9/,PASS,Submitted and indexed,SUCCESSFUL,ALLOWED,2026-09-01,2026-09-08
gspaytables,https://gspaytables.com/gs-10/,PASS,Submitted and indexed,SUCCESSFUL,ALLOWED,2026-08-28,2026-09-08
gspaytables,https://gspaytables.com/gs-11/,PASS,Submitted and indexed,SUCCESSFUL,ALLOWED,2026-08-26,2026-09-08
gspaytables,https://gspaytables.com/gs-12/,PASS,Submitted and indexed,SUCCESSFUL,ALLOWED,2026-09-01,2026-09-08
gspaytables,https://gspaytables.com/gs-13/,PASS,Submitted and indexed,SUCCESSFUL,ALLOWED,2026-08-31,2026-09-08
gspaytables,https://gspaytables.com/gs-14/,PASS,Submitted and indexed,SUCCESSFUL,ALLOWED,2026-08-26,2026-09-08
gspaytables,https://gspaytables.com/gs-15/,PASS,Submitted and indexed,SUCCESSFUL,ALLOWED,2026-08-31,2026-09-08
gspaytables,https://gspaytables.com/grades/,PASS,Submitted and indexed,SUCCESSFUL,ALLOWED,2026-09-01,2026-09-08
gspaytables,https://gspaytables.com/calculator/,PASS,Submitted and indexed,SUCCESSFUL,ALLOWED,2026-08-26,2026-09-08
gspaytables,https://gspaytables.com/compare/san-jose-ca-vs-new-york-ny/,PASS,Submitted and indexed,SUCCESSFUL,ALLOWED,2026-08-26,2026-09-08
gspaytables,https://gspaytables.com/compare/san-jose-ca-vs-los-angeles-ca/,PASS,Submitted and indexed,SUCCESSFUL,ALLOWED,2026-08-26,2026-09-08
gspaytables,https://gspaytables.com/compare/san-jose-ca-vs-houston-tx/,PASS,Submitted and indexed,SUCCESSFUL,ALLOWED,2026-08-31,2026-09-08
gspaytables,https://gspaytables.com/compare/san-jose-ca-vs-washington-dc/,PASS,Submitted and indexed,SUCCESSFUL,ALLOWED,2026-08-26,2026-09-08
gspaytables,https://gspaytables.com/compare/san-jose-ca-vs-san-diego-ca/,PASS,Submitted and indexed,SUCCESSFUL,ALLOWED,2026-08-26,2026-09-08
gspaytables,https://gspaytables.com/compare/san-jose-ca-vs-rest-of-u-s/,PASS,Submitted and indexed,SUCCESSFUL,ALLOWED,2026-08-26,2026-09-08
gspaytables,https://gspaytables.com/compare/new-york-ny-vs-los-angeles-ca/,PASS,Submitted and indexed,SUCCESSFUL,ALLOWED,2026-08-26,2026-09-08
gspaytables,https://gspaytables.com/compare/new-york-ny-vs-houston-tx/,PASS,Submitted and indexed,SUCCESSFUL,ALLOWED,2026-08-28,2026-09-08
gspaytables,https://gspaytables.com/compare/new-york-ny-vs-washington-dc/,PASS,Submitted and indexed,SUCCESSFUL,ALLOWED,2026-08-26,2026-09-08
gspaytables,https://gspaytables.com/compare/new-york-ny-vs-san-diego-ca/,PASS,Submitted and indexed,SUCCESSFUL,ALLOWED,2026-08-26,2026-09-08
gspaytables,https://gspaytables.com/compare/new-york-ny-vs-rest-of-u-s/,PASS,Submitted and indexed,SUCCESSFUL,ALLOWED,2026-08-26,2026-09-08
gspaytables,https://gspaytables.com/compare/los-angeles-ca-vs-houston-tx/,PASS,Submitted and indexed,SUCCESSFUL,ALLOWED,2026-08-26,2026-09-08
gspaytables,https://gspaytables.com/compare/los-angeles-ca-vs-washington-dc/,PASS,Submitted and indexed,SUCCESSFUL,ALLOWED,2026-08-26,2026-09-08
gspaytables,https://gspaytables.com/compare/los-angeles-ca-vs-san-diego-ca/,PASS,Submitted and indexed,SUCCESSFUL,ALLOWED,2026-08-26,2026-09-08
gspaytables,https://gspaytables.com/compare/los-angeles-ca-vs-rest-of-u-s/,PASS,Submitted and indexed,SUCCESSFUL,ALLOWED,2026-08-26,2026-09-08
gspaytables,https://gspaytables.com/compare/houston-tx-vs-washington-dc/,PASS,Submitted and indexed,SUCCESSFUL,ALLOWED,2026-08-26,2026-09-08
gspaytables,https://gspaytables.com/compare/houston-tx-vs-san-diego-ca/,PASS,Submitted and indexed,SUCCESSFUL,ALLOWED,2026-08-28,2026-09-08
gspaytables,https://gspaytables.com/compare/houston-tx-vs-rest-of-u-s/,PASS,Submitted and indexed,SUCCESSFUL,ALLOWED,2026-08-26,2026-09-08
gspaytables,https://gspaytables.com/compare/washington-dc-vs-san-diego-ca/,PASS,Submitted and indexed,SUCCESSFUL,ALLOWED,2026-08-26,2026-09-08
gspaytables,https://gspaytables.com/compare/washington-dc-vs-rest-of-u-s/,PASS,Submitted and indexed,SUCCESSFUL,ALLOWED,2026-08-26,2026-09-08
gspaytables,https://gspaytables.com/compare/san-diego-ca-vs-rest-of-u-s/,PASS,Submitted and indexed,SUCCESSFUL,ALLOWED,2026-08-26,2026-09-08
gspaytables,https://gspaytables.com/compare/,PASS,Submitted and indexed,SUCCESSFUL,ALLOWED,2026-09-01,2026-09-08
gspaytables,https://gspaytables.com/states/alabama/,PASS,Submitted and indexed,SUCCESSFUL,ALLOWED,2026-08-26,2026-09-08
gspaytables,https://gspaytables.com/states/alaska/,PASS,Submitted and indexed,SUCCESSFUL,ALLOWED,2026-08-26,2026-09-08
gspaytables,https://gspaytables.com/states/arizona/,PASS,Submitted and indexed,SUCCESSFUL,ALLOWED,2026-08-26,2026-09-08
gspaytables,https://gspaytables.com/states/california/,PASS,Submitted and indexed,SUCCESSFUL,ALLOWED,2026-08-26,2026-09-08
gspaytables,https://gspaytables.com/states/colorado/,PASS,Submitted and indexed,SUCCESSFUL,ALLOWED,2026-08-26,2026-09-08
gspaytables,https://gspaytables.com/states/connecticut/,PASS,Submitted and indexed,SUCCESSFUL,ALLOWED,2026-08-26,2026-09-08
gspaytables,https://gspaytables.com/states/delaware/,PASS,Submitted and indexed,SUCCESSFUL,ALLOWED,2026-08-26,2026-09-08
gspaytables,https://gspaytables.com/states/district-of-columbia/,PASS,Submitted and indexed,SUCCESSFUL,ALLOWED,2026-08-26,2026-09-08
gspaytables,https://gspaytables.com/states/florida/,PASS,Submitted and indexed,SUCCESSFUL,ALLOWED,2026-08-26,2026-09-08
gspaytables,https://gspaytables.com/states/georgia/,PASS,Submitted and indexed,SUCCESSFUL,ALLOWED,2026-08-26,2026-09-08
gspaytables,https://gspaytables.com/states/hawaii/,PASS,Submitted and indexed,SUCCESSFUL,ALLOWED,2026-08-26,2026-09-08
gspaytables,https://gspaytables.com/states/idaho/,PASS,Submitted and indexed,SUCCESSFUL,ALLOWED,2026-08-26,2026-09-08
gspaytables,https://gspaytables.com/states/illinois/,PASS,Submitted and indexed,SUCCESSFUL,ALLOWED,2026-08-26,2026-09-08
gspaytables,https://gspaytables.com/states/indiana/,PASS,Submitted and indexed,SUCCESSFUL,ALLOWED,2026-08-26,2026-09-08
gspaytables,https://gspaytables.com/states/iowa/,PASS,Submitted and indexed,SUCCESSFUL,ALLOWED,2026-08-26,2026-09-08
gspaytables,https://gspaytables.com/states/kansas/,PASS,Submitted and indexed,SUCCESSFUL,ALLOWED,2026-08-26,2026-09-08
gspaytables,https://gspaytables.com/states/kentucky/,PASS,Submitted and indexed,SUCCESSFUL,ALLOWED,2026-08-26,2026-09-08
gspaytables,https://gspaytables.com/states/maine/,PASS,Submitted and indexed,SUCCESSFUL,ALLOWED,2026-08-26,2026-09-08
gspaytables,https://gspaytables.com/states/maryland/,PASS,Submitted and indexed,SUCCESSFUL,ALLOWED,2026-08-30,2026-09-08
gspaytables,https://gspaytables.com/states/massachusetts/,PASS,Submitted and indexed,SUCCESSFUL,ALLOWED,2026-08-26,2026-09-08
gspaytables,https://gspaytables.com/states/michigan/,PASS,Submitted and indexed,SUCCESSFUL,ALLOWED,2026-08-26,2026-09-08
gspaytables,https://gspaytables.com/states/minnesota/,PASS,Submitted and indexed,SUCCESSFUL,ALLOWED,2026-08-26,2026-09-08
gspaytables,https://gspaytables.com/states/missouri/,PASS,Submitted and indexed,SUCCESSFUL,ALLOWED,2026-08-26,2026-09-08
gspaytables,https://gspaytables.com/states/nebraska/,PASS,Submitted and indexed,SUCCESSFUL,ALLOWED,2026-08-28,2026-09-08
gspaytables,https://gspaytables.com/states/nevada/,PASS,Submitted and indexed,SUCCESSFUL,ALLOWED,2026-08-26,2026-09-08
gspaytables,https://gspaytables.com/states/new-hampshire/,PASS,Submitted and indexed,SUCCESSFUL,ALLOWED,2026-08-26,2026-09-08
gspaytables,https://gspaytables.com/states/new-jersey/,PASS,Submitted and indexed,SUCCESSFUL,ALLOWED,2026-08-26,2026-09-08
gspaytables,https://gspaytables.com/states/new-mexico/,PASS,Submitted and indexed,SUCCESSFUL,ALLOWED,2026-08-26,2026-09-08
gspaytables,https://gspaytables.com/states/new-york/,PASS,Submitted and indexed,SUCCESSFUL,ALLOWED,2026-08-26,2026-09-08
gspaytables,https://gspaytables.com/states/north-carolina/,PASS,Submitted and indexed,SUCCESSFUL,ALLOWED,2026-08-26,2026-09-08
gspaytables,https://gspaytables.com/states/ohio/,PASS,Submitted and indexed,SUCCESSFUL,ALLOWED,2026-08-26,2026-09-08
gspaytables,https://gspaytables.com/states/oklahoma/,PASS,Submitted and indexed,SUCCESSFUL,ALLOWED,2026-08-31,2026-09-08
gspaytables,https://gspaytables.com/states/oregon/,PASS,Submitted and indexed,SUCCESSFUL,ALLOWED,2026-08-26,2026-09-08
gspaytables,https://gspaytables.com/states/pennsylvania/,PASS,Submitted and indexed,SUCCESSFUL,ALLOWED,2026-08-26,2026-09-08
gspaytables,https://gspaytables.com/states/rhode-island/,PASS,Submitted and indexed,SUCCESSFUL,ALLOWED,2026-08-26,2026-09-08
gspaytables,https://gspaytables.com/states/south-carolina/,PASS,Submitted and indexed,SUCCESSFUL,ALLOWED,2026-08-26,2026-09-08
gspaytables,https://gspaytables.com/states/tennessee/,PASS,Submitted and indexed,SUCCESSFUL,ALLOWED,2026-09-01,2026-09-08
gspaytables,https://gspaytables.com/states/texas/,PASS,Submitted and indexed,SUCCESSFUL,ALLOWED,2026-08-26,2026-09-08
gspaytables,https://gspaytables.com/states/vermont/,PASS,Submitted and indexed,SUCCESSFUL,ALLOWED,2026-08-26,2026-09-08
gspaytables,https://gspaytables.com/states/virginia/,PASS,Submitted and indexed,SUCCESSFUL,ALLOWED,2026-08-26,2026-09-08
gspaytables,https://gspaytables.com/states/washington/,PASS,Submitted and indexed,SUCCESSFUL,ALLOWED,2026-08-26,2026-09-08
gspaytables,https://gspaytables.com/states/west-virginia/,PASS,Submitted and indexed,SUCCESSFUL,ALLOWED,2026-08-26,2026-09-08
gspaytables,https://gspaytables.com/states/wisconsin/,PASS,Submitted and indexed,SUCCESSFUL,ALLOWED,2026-08-26,2026-09-08
gspaytables,https://gspaytables.com/states/no-locality-area/,PASS,Submitted and indexed,SUCCESSFUL,ALLOWED,2026-09-01,2026-09-08
gspaytables,https://gspaytables.com/states/,PASS,Submitted and indexed,SUCCESSFUL,ALLOWED,2026-08-26,2026-09-08
gspaytables,https://gspaytables.com/promotion/gs-1-to-gs-2/,PASS,Submitted and indexed,SUCCESSFUL,ALLOWED,2026-08-26,2026-09-08
gspaytables,https://gspaytables.com/promotion/gs-2-to-gs-3/,PASS,Submitted and indexed,SUCCESSFUL,ALLOWED,2026-08-26,2026-09-08
gspaytables,https://gspaytables.com/promotion/gs-3-to-gs-4/,PASS,Submitted and indexed,SUCCESSFUL,ALLOWED,2026-08-26,2026-09-08
gspaytables,https://gspaytables.com/promotion/gs-4-to-gs-5/,PASS,Submitted and indexed,SUCCESSFUL,ALLOWED,2026-08-26,2026-09-08
gspaytables,https://gspaytables.com/promotion/gs-5-to-gs-6/,NEUTRAL,Crawled - currently not indexed,SUCCESSFUL,ALLOWED,2026-09-01,2026-09-08
gspaytables,https://gspaytables.com/promotion/gs-6-to-gs-7/,PASS,Submitted and indexed,SUCCESSFUL,ALLOWED,2026-08-30,2026-09-08
gspaytables,https://gspaytables.com/promotion/gs-7-to-gs-8/,PASS,Submitted and indexed,SUCCESSFUL,ALLOWED,2026-09-02,2026-09-08
gspaytables,https://gspaytables.com/promotion/gs-8-to-gs-9/,PASS,Submitted and indexed,SUCCESSFUL,ALLOWED,2026-09-01,2026-09-08
gspaytables,https://gspaytables.com/promotion/gs-9-to-gs-10/,PASS,Submitted and indexed,SUCCESSFUL,ALLOWED,2026-08-28,2026-09-08
gspaytables,https://gspaytables.com/promotion/gs-10-to-gs-11/,PASS,Submitted and indexed,SUCCESSFUL,ALLOWED,2026-08-31,2026-09-08
gspaytables,https://gspaytables.com/promotion/gs-11-to-gs-12/,PASS,Submitted and indexed,SUCCESSFUL,ALLOWED,2026-08-26,2026-09-08
gspaytables,https://gspaytables.com/promotion/gs-12-to-gs-13/,PASS,Submitted and indexed,SUCCESSFUL,ALLOWED,2026-08-26,2026-09-08
gspaytables,https://gspaytables.com/promotion/gs-13-to-gs-14/,PASS,Submitted and indexed,SUCCESSFUL,ALLOWED,2026-08-26,2026-09-08
gspaytables,https://gspaytables.com/promotion/gs-14-to-gs-15/,PASS,Submitted and indexed,SUCCESSFUL,ALLOWED,2026-08-26,2026-09-08
gspaytables,https://gspaytables.com/promotion/,PASS,Submitted and indexed,SUCCESSFUL,ALLOWED,2026-09-04,2026-09-08
gspaytables,https://gspaytables.com/how-locality-pay-works/,PASS,Submitted and indexed,SUCCESSFUL,ALLOWED,2026-08-26,2026-09-08
gspaytables,https://gspaytables.com/about/,PASS,Submitted and indexed,SUCCESSFUL,ALLOWED,2026-09-04,2026-09-08
gspaytables,https://gspaytables.com/contact/,PASS,Submitted and indexed,SUCCESSFUL,ALLOWED,2026-09-01,2026-09-08
gspaytables,https://gspaytables.com/methodology/,PASS,Submitted and indexed,SUCCESSFUL,ALLOWED,2026-08-26,2026-09-08
gspaytables,https://gspaytables.com/privacy/,PASS,Submitted and indexed,SUCCESSFUL,ALLOWED,2026-08-26,2026-09-08
gspaytables,https://gspaytables.com/terms/,PASS,Submitted and indexed,SUCCESSFUL,ALLOWED,2026-08-26,2026-09-08
gspaytables,https://gspaytables.com/pay-raise/,PASS,Submitted and indexed,SUCCESSFUL,ALLOWED,2026-09-03,2026-09-08
mileagecurve,https://mileagecurve.com/,PASS,Submitted and indexed,SUCCESSFUL,ALLOWED,2026-09-03,2026-09-08
mileagecurve,https://mileagecurve.com/vehicles/,PASS,Submitted and indexed,SUCCESSFUL,ALLOWED,2026-08-21,2026-09-08
mileagecurve,https://mileagecurve.com/methodology/,PASS,Submitted and indexed,SUCCESSFUL,ALLOWED,2026-08-28,2026-09-08
mileagecurve,https://mileagecurve.com/about/,PASS,Submitted and indexed,SUCCESSFUL,ALLOWED,2026-08-27,2026-09-08
mileagecurve,https://mileagecurve.com/privacy/,PASS,Submitted and indexed,SUCCESSFUL,ALLOWED,2026-08-27,2026-09-08
mileagecurve,https://mileagecurve.com/contact/,NEUTRAL,URL is unknown to Google,PAGE_FETCH_STATE_UNSPECIFIED,ROBOTS_TXT_STATE_UNSPECIFIED,,2026-09-08
mileagecurve,https://mileagecurve.com/terms/,PASS,Submitted and indexed,SUCCESSFUL,ALLOWED,2026-08-31,2026-09-08
mileagecurve,https://mileagecurve.com/acura/,PASS,Submitted and indexed,SUCCESSFUL,ALLOWED,2026-08-28,2026-09-08
mileagecurve,https://mileagecurve.com/audi/,PASS,Submitted and indexed,SUCCESSFUL,ALLOWED,2026-09-05,2026-09-08
mileagecurve,https://mileagecurve.com/bmw/,PASS,Submitted and indexed,SUCCESSFUL,ALLOWED,2026-09-01,2026-09-08
mileagecurve,https://mileagecurve.com/buick/,PASS,Submitted and indexed,SUCCESSFUL,ALLOWED,2026-08-31,2026-09-08
mileagecurve,https://mileagecurve.com/cadillac/,PASS,Submitted and indexed,SUCCESSFUL,ALLOWED,2026-08-29,2026-09-08
mileagecurve,https://mileagecurve.com/chevrolet/,NEUTRAL,Discovered - currently not indexed,PAGE_FETCH_STATE_UNSPECIFIED,ROBOTS_TXT_STATE_UNSPECIFIED,,2026-09-08
mileagecurve,https://mileagecurve.com/chrysler/,PASS,Submitted and indexed,SUCCESSFUL,ALLOWED,2026-09-04,2026-09-08
mileagecurve,https://mileagecurve.com/dodge/,PASS,Submitted and indexed,SUCCESSFUL,ALLOWED,2026-08-28,2026-09-08
mileagecurve,https://mileagecurve.com/ford/,PASS,Submitted and indexed,SUCCESSFUL,ALLOWED,2026-08-30,2026-09-08
mileagecurve,https://mileagecurve.com/gmc/,PASS,Submitted and indexed,SUCCESSFUL,ALLOWED,2026-08-28,2026-09-08
mileagecurve,https://mileagecurve.com/honda/,PASS,Submitted and indexed,SUCCESSFUL,ALLOWED,2026-08-28,2026-09-08
mileagecurve,https://mileagecurve.com/hyundai/,PASS,Submitted and indexed,SUCCESSFUL,ALLOWED,2026-08-28,2026-09-08
mileagecurve,https://mileagecurve.com/infiniti/,PASS,Submitted and indexed,SUCCESSFUL,ALLOWED,2026-09-05,2026-09-08
mileagecurve,https://mileagecurve.com/jeep/,NEUTRAL,Discovered - currently not indexed,PAGE_FETCH_STATE_UNSPECIFIED,ROBOTS_TXT_STATE_UNSPECIFIED,,2026-09-08
mileagecurve,https://mileagecurve.com/kia/,PASS,Submitted and indexed,SUCCESSFUL,ALLOWED,2026-08-31,2026-09-08
mileagecurve,https://mileagecurve.com/lexus/,PASS,Submitted and indexed,SUCCESSFUL,ALLOWED,2026-09-01,2026-09-08
mileagecurve,https://mileagecurve.com/lincoln/,PASS,Submitted and indexed,SUCCESSFUL,ALLOWED,2026-09-03,2026-09-08
mileagecurve,https://mileagecurve.com/mazda/,PASS,Submitted and indexed,SUCCESSFUL,ALLOWED,2026-08-28,2026-09-08
mileagecurve,https://mileagecurve.com/mercury/,PASS,Submitted and indexed,SUCCESSFUL,ALLOWED,2026-09-04,2026-09-08
mileagecurve,https://mileagecurve.com/mitsubishi/,PASS,Submitted and indexed,SUCCESSFUL,ALLOWED,2026-08-13,2026-09-08
mileagecurve,https://mileagecurve.com/nissan/,PASS,Submitted and indexed,SUCCESSFUL,ALLOWED,2026-08-28,2026-09-08
mileagecurve,https://mileagecurve.com/oldsmobile/,PASS,Submitted and indexed,SUCCESSFUL,ALLOWED,2026-08-31,2026-09-08
mileagecurve,https://mileagecurve.com/pontiac/,PASS,Submitted and indexed,SUCCESSFUL,ALLOWED,2026-08-28,2026-09-08
mileagecurve,https://mileagecurve.com/saturn/,PASS,Submitted and indexed,SUCCESSFUL,ALLOWED,2026-08-31,2026-09-08
mileagecurve,https://mileagecurve.com/subaru/,PASS,Submitted and indexed,SUCCESSFUL,ALLOWED,2026-08-28,2026-09-08
mileagecurve,https://mileagecurve.com/toyota/,PASS,Submitted and indexed,SUCCESSFUL,ALLOWED,2026-09-06,2026-09-08
mileagecurve,https://mileagecurve.com/volkswagen/,PASS,Submitted and indexed,SUCCESSFUL,ALLOWED,2026-08-31,2026-09-08
mileagecurve,https://mileagecurve.com/volvo/,PASS,Submitted and indexed,SUCCESSFUL,ALLOWED,2026-08-13,2026-09-08
mileagecurve,https://mileagecurve.com/ford-f-150-1992-1996/,PASS,Submitted and indexed,SUCCESSFUL,ALLOWED,2026-08-13,2026-09-08
mileagecurve,https://mileagecurve.com/ford-f-150-1997-2003/,PASS,Submitted and indexed,SUCCESSFUL,ALLOWED,2026-08-13,2026-09-08
mileagecurve,https://mileagecurve.com/ford-f-150-2004-2008/,PASS,Submitted and indexed,SUCCESSFUL,ALLOWED,2026-08-27,2026-09-08
mileagecurve,https://mileagecurve.com/ford-f-150-2009-2014/,PASS,Submitted and indexed,SUCCESSFUL,ALLOWED,2026-08-27,2026-09-08
mileagecurve,https://mileagecurve.com/ford-f-150-2015-2020/,PASS,Submitted and indexed,SUCCESSFUL,ALLOWED,2026-09-02,2026-09-08
mileagecurve,https://mileagecurve.com/chevrolet-malibu-1997-2003/,PASS,Submitted and indexed,SUCCESSFUL,ALLOWED,2026-09-01,2026-09-08
mileagecurve,https://mileagecurve.com/chevrolet-malibu-2004-2007/,PASS,Submitted and indexed,SUCCESSFUL,ALLOWED,2026-08-28,2026-09-08
mileagecurve,https://mileagecurve.com/chevrolet-malibu-2008-2012/,PASS,Submitted and indexed,SUCCESSFUL,ALLOWED,2026-09-02,2026-09-08
mileagecurve,https://mileagecurve.com/chevrolet-malibu-2013-2015/,PASS,Submitted and indexed,SUCCESSFUL,ALLOWED,2026-08-28,2026-09-08
mileagecurve,https://mileagecurve.com/chevrolet-malibu-2016-2025/,PASS,Submitted and indexed,SUCCESSFUL,ALLOWED,2026-08-28,2026-09-08
mileagecurve,https://mileagecurve.com/toyota-camry-1992-1996/,PASS,Submitted and indexed,SUCCESSFUL,ALLOWED,2026-08-13,2026-09-08
mileagecurve,https://mileagecurve.com/toyota-camry-1997-2001/,PASS,Submitted and indexed,SUCCESSFUL,ALLOWED,2026-08-27,2026-09-08
mileagecurve,https://mileagecurve.com/toyota-camry-2002-2006/,PASS,Submitted and indexed,SUCCESSFUL,ALLOWED,2026-08-28,2026-09-08
mileagecurve,https://mileagecurve.com/toyota-camry-2007-2011/,PASS,Submitted and indexed,SUCCESSFUL,ALLOWED,2026-08-31,2026-09-08
mileagecurve,https://mileagecurve.com/toyota-camry-2012-2017/,PASS,Submitted and indexed,SUCCESSFUL,ALLOWED,2026-08-28,2026-09-08
mileagecurve,https://mileagecurve.com/chrysler-town-and-country-1996-2000/,PASS,Submitted and indexed,SUCCESSFUL,ALLOWED,2026-08-28,2026-09-08
mileagecurve,https://mileagecurve.com/chrysler-town-and-country-2001-2007/,PASS,Submitted and indexed,SUCCESSFUL,ALLOWED,2026-09-02,2026-09-08
mileagecurve,https://mileagecurve.com/chrysler-town-and-country-2008-2016/,PASS,Submitted and indexed,SUCCESSFUL,ALLOWED,2026-09-01,2026-09-08
mileagecurve,https://mileagecurve.com/nissan-rogue-2008-2013/,PASS,Submitted and indexed,SUCCESSFUL,ALLOWED,2026-08-28,2026-09-08
mileagecurve,https://mileagecurve.com/nissan-rogue-2014-2020/,PASS,Submitted and indexed,SUCCESSFUL,ALLOWED,2026-08-27,2026-09-08
mileagecurve,https://mileagecurve.com/chevrolet-impala-2000-2005/,PASS,Submitted and indexed,SUCCESSFUL,ALLOWED,2026-08-28,2026-09-08
mileagecurve,https://mileagecurve.com/chevrolet-impala-2006-2013/,PASS,Submitted and indexed,SUCCESSFUL,ALLOWED,2026-08-21,2026-09-08
mileagecurve,https://mileagecurve.com/chevrolet-impala-2014-2020/,PASS,Submitted and indexed,SUCCESSFUL,ALLOWED,2026-09-01,2026-09-08
mileagecurve,https://mileagecurve.com/honda-odyssey-1999-2004/,PASS,Submitted and indexed,SUCCESSFUL,ALLOWED,2026-08-27,2026-09-08
mileagecurve,https://mileagecurve.com/honda-odyssey-2005-2010/,PASS,Submitted and indexed,SUCCESSFUL,ALLOWED,2026-09-04,2026-09-08
mileagecurve,https://mileagecurve.com/honda-odyssey-2011-2017/,PASS,Submitted and indexed,SUCCESSFUL,ALLOWED,2026-08-27,2026-09-08
mileagecurve,https://mileagecurve.com/ford-mustang-1994-2004/,PASS,Submitted and indexed,SUCCESSFUL,ALLOWED,2026-08-13,2026-09-08
mileagecurve,https://mileagecurve.com/ford-mustang-2005-2014/,PASS,Submitted and indexed,SUCCESSFUL,ALLOWED,2026-08-27,2026-09-08
mileagecurve,https://mileagecurve.com/ford-mustang-2015-2023/,PASS,Submitted and indexed,SUCCESSFUL,ALLOWED,2026-08-28,2026-09-08
mileagecurve,https://mileagecurve.com/subaru-outback-1995-1999/,PASS,Submitted and indexed,SUCCESSFUL,ALLOWED,2026-08-13,2026-09-08
mileagecurve,https://mileagecurve.com/subaru-outback-2000-2004/,PASS,Submitted and indexed,SUCCESSFUL,ALLOWED,2026-08-31,2026-09-08
mileagecurve,https://mileagecurve.com/subaru-outback-2005-2009/,PASS,Submitted and indexed,SUCCESSFUL,ALLOWED,2026-08-28,2026-09-08
mileagecurve,https://mileagecurve.com/subaru-outback-2010-2014/,PASS,Submitted and indexed,SUCCESSFUL,ALLOWED,2026-08-28,2026-09-08
mileagecurve,https://mileagecurve.com/subaru-outback-2015-2019/,PASS,Submitted and indexed,SUCCESSFUL,ALLOWED,2026-08-31,2026-09-08
mileagecurve,https://mileagecurve.com/chevrolet-traverse-2009-2017/,PASS,Submitted and indexed,SUCCESSFUL,ALLOWED,2026-08-28,2026-09-08
mileagecurve,https://mileagecurve.com/ford-explorer-1991-1994/,NEUTRAL,Crawled - currently not indexed,SUCCESSFUL,ALLOWED,2026-08-12,2026-09-08
mileagecurve,https://mileagecurve.com/ford-explorer-1995-2001/,PASS,Submitted and indexed,SUCCESSFUL,ALLOWED,2026-08-27,2026-09-08
mileagecurve,https://mileagecurve.com/ford-explorer-2002-2005/,PASS,Submitted and indexed,SUCCESSFUL,ALLOWED,2026-08-28,2026-09-08
mileagecurve,https://mileagecurve.com/ford-explorer-2006-2010/,PASS,Submitted and indexed,SUCCESSFUL,ALLOWED,2026-08-13,2026-09-08
mileagecurve,https://mileagecurve.com/ford-explorer-2011-2019/,PASS,Submitted and indexed,SUCCESSFUL,ALLOWED,2026-08-28,2026-09-08
mileagecurve,https://mileagecurve.com/honda-accord-1994-1997/,PASS,Submitted and indexed,SUCCESSFUL,ALLOWED,2026-08-13,2026-09-08
mileagecurve,https://mileagecurve.com/honda-accord-1998-2002/,PASS,Submitted and indexed,SUCCESSFUL,ALLOWED,2026-08-28,2026-09-08
mileagecurve,https://mileagecurve.com/honda-accord-2003-2007/,PASS,Submitted and indexed,SUCCESSFUL,ALLOWED,2026-08-15,2026-09-08
mileagecurve,https://mileagecurve.com/honda-accord-2008-2012/,PASS,Submitted and indexed,SUCCESSFUL,ALLOWED,2026-09-01,2026-09-08
mileagecurve,https://mileagecurve.com/honda-accord-2013-2017/,PASS,Submitted and indexed,SUCCESSFUL,ALLOWED,2026-08-27,2026-09-08
mileagecurve,https://mileagecurve.com/honda-cr-v-1997-2001/,PASS,Submitted and indexed,SUCCESSFUL,ALLOWED,2026-09-05,2026-09-08
mileagecurve,https://mileagecurve.com/honda-cr-v-2002-2006/,PASS,Submitted and indexed,SUCCESSFUL,ALLOWED,2026-08-28,2026-09-08
mileagecurve,https://mileagecurve.com/honda-cr-v-2007-2011/,PASS,Submitted and indexed,SUCCESSFUL,ALLOWED,2026-08-13,2026-09-08
mileagecurve,https://mileagecurve.com/honda-cr-v-2012-2016/,PASS,Submitted and indexed,SUCCESSFUL,ALLOWED,2026-08-13,2026-09-08
mileagecurve,https://mileagecurve.com/honda-cr-v-2017-2022/,PASS,Submitted and indexed,SUCCESSFUL,ALLOWED,2026-09-01,2026-09-08
mileagecurve,https://mileagecurve.com/ford-edge-2007-2014/,PASS,Submitted and indexed,SUCCESSFUL,ALLOWED,2026-08-28,2026-09-08
mileagecurve,https://mileagecurve.com/ford-edge-2015-2024/,PASS,Submitted and indexed,SUCCESSFUL,ALLOWED,2026-08-31,2026-09-08
mileagecurve,https://mileagecurve.com/toyota-corolla-1998-2002/,PASS,Submitted and indexed,SUCCESSFUL,ALLOWED,2026-08-27,2026-09-08
mileagecurve,https://mileagecurve.com/toyota-corolla-2003-2008/,PASS,Submitted and indexed,SUCCESSFUL,ALLOWED,2026-09-03,2026-09-08
mileagecurve,https://mileagecurve.com/toyota-corolla-2009-2013/,PASS,Submitted and indexed,SUCCESSFUL,ALLOWED,2026-08-21,2026-09-08
mileagecurve,https://mileagecurve.com/toyota-corolla-2014-2019/,PASS,Submitted and indexed,SUCCESSFUL,ALLOWED,2026-08-28,2026-09-08
mileagecurve,https://mileagecurve.com/hyundai-elantra-1996-2000/,PASS,Submitted and indexed,SUCCESSFUL,ALLOWED,2026-08-31,2026-09-08
mileagecurve,https://mileagecurve.com/hyundai-elantra-2001-2006/,PASS,Submitted and indexed,SUCCESSFUL,ALLOWED,2026-09-01,2026-09-08
mileagecurve,https://mileagecurve.com/hyundai-elantra-2007-2010/,PASS,Submitted and indexed,SUCCESSFUL,ALLOWED,2026-09-01,2026-09-08
mileagecurve,https://mileagecurve.com/hyundai-elantra-2011-2016/,PASS,Submitted and indexed,SUCCESSFUL,ALLOWED,2026-08-31,2026-09-08
mileagecurve,https://mileagecurve.com/chevrolet-tahoe-1995-1999/,PASS,Submitted and indexed,SUCCESSFUL,ALLOWED,2026-08-27,2026-09-08
mileagecurve,https://mileagecurve.com/chevrolet-tahoe-2000-2006/,PASS,Submitted and indexed,SUCCESSFUL,ALLOWED,2026-08-28,2026-09-08
mileagecurve,https://mileagecurve.com/chevrolet-tahoe-2007-2014/,PASS,Submitted and indexed,SUCCESSFUL,ALLOWED,2026-08-28,2026-09-08
mileagecurve,https://mileagecurve.com/chevrolet-tahoe-2015-2020/,PASS,Submitted and indexed,SUCCESSFUL,ALLOWED,2026-08-12,2026-09-08
mileagecurve,https://mileagecurve.com/kia-optima-2001-2005/,PASS,Submitted and indexed,SUCCESSFUL,ALLOWED,2026-08-31,2026-09-08
mileagecurve,https://mileagecurve.com/kia-optima-2006-2010/,PASS,Submitted and indexed,SUCCESSFUL,ALLOWED,2026-09-02,2026-09-08
mileagecurve,https://mileagecurve.com/kia-optima-2011-2015/,PASS,Submitted and indexed,SUCCESSFUL,ALLOWED,2026-08-13,2026-09-08
mileagecurve,https://mileagecurve.com/dodge-charger-2006-2010/,PASS,Submitted and indexed,SUCCESSFUL,ALLOWED,2026-08-28,2026-09-08
mileagecurve,https://mileagecurve.com/dodge-charger-2011-2023/,PASS,Submitted and indexed,SUCCESSFUL,ALLOWED,2026-08-31,2026-09-08
mileagecurve,https://mileagecurve.com/gmc-acadia-2007-2016/,PASS,Submitted and indexed,SUCCESSFUL,ALLOWED,2026-08-28,2026-09-08
mileagecurve,https://mileagecurve.com/jeep-grand-cherokee-1993-1998/,PASS,Submitted and indexed,SUCCESSFUL,ALLOWED,2026-09-01,2026-09-08
mileagecurve,https://mileagecurve.com/jeep-grand-cherokee-1999-2004/,PASS,Submitted and indexed,SUCCESSFUL,ALLOWED,2026-09-01,2026-09-08
mileagecurve,https://mileagecurve.com/jeep-grand-cherokee-2005-2010/,PASS,Submitted and indexed,SUCCESSFUL,ALLOWED,2026-09-01,2026-09-08
mileagecurve,https://mileagecurve.com/jeep-grand-cherokee-2011-2020/,PASS,Submitted and indexed,SUCCESSFUL,ALLOWED,2026-09-02,2026-09-08
mileagecurve,https://mileagecurve.com/chevrolet-silverado-1500-1988-1998/,PASS,Submitted and indexed,SUCCESSFUL,ALLOWED,2026-08-31,2026-09-08
mileagecurve,https://mileagecurve.com/chevrolet-silverado-1500-1999-2006/,PASS,Submitted and indexed,SUCCESSFUL,ALLOWED,2026-08-21,2026-09-08
mileagecurve,https://mileagecurve.com/chevrolet-silverado-1500-2007-2013/,PASS,Submitted and indexed,SUCCESSFUL,ALLOWED,2026-08-31,2026-09-08
mileagecurve,https://mileagecurve.com/chevrolet-silverado-1500-2014-2018/,PASS,Submitted and indexed,SUCCESSFUL,ALLOWED,2026-09-01,2026-09-08
mileagecurve,https://mileagecurve.com/nissan-altima-1998-2001/,PASS,Submitted and indexed,SUCCESSFUL,ALLOWED,2026-08-28,2026-09-08
mileagecurve,https://mileagecurve.com/nissan-altima-2002-2006/,PASS,Submitted and indexed,SUCCESSFUL,ALLOWED,2026-08-31,2026-09-08
mileagecurve,https://mileagecurve.com/nissan-altima-2007-2012/,PASS,Submitted and indexed,SUCCESSFUL,ALLOWED,2026-08-28,2026-09-08
mileagecurve,https://mileagecurve.com/nissan-altima-2013-2018/,PASS,Submitted and indexed,SUCCESSFUL,ALLOWED,2026-08-28,2026-09-08
mileagecurve,https://mileagecurve.com/jeep-cherokee-1984-2001/,PASS,Submitted and indexed,SUCCESSFUL,ALLOWED,2026-09-01,2026-09-08
mileagecurve,https://mileagecurve.com/jeep-cherokee-2014-2023/,PASS,Submitted and indexed,SUCCESSFUL,ALLOWED,2026-08-28,2026-09-08
mileagecurve,https://mileagecurve.com/toyota-rav4-2001-2005/,PASS,Submitted and indexed,SUCCESSFUL,ALLOWED,2026-08-16,2026-09-08
mileagecurve,https://mileagecurve.com/toyota-rav4-2006-2012/,PASS,Submitted and indexed,SUCCESSFUL,ALLOWED,2026-08-31,2026-09-08
mileagecurve,https://mileagecurve.com/toyota-rav4-2013-2018/,PASS,Submitted and indexed,SUCCESSFUL,ALLOWED,2026-08-28,2026-09-08
mileagecurve,https://mileagecurve.com/nissan-sentra-2000-2006/,PASS,Submitted and indexed,SUCCESSFUL,ALLOWED,2026-09-01,2026-09-08
mileagecurve,https://mileagecurve.com/nissan-sentra-2007-2012/,PASS,Submitted and indexed,SUCCESSFUL,ALLOWED,2026-08-31,2026-09-08
mileagecurve,https://mileagecurve.com/nissan-sentra-2013-2019/,PASS,Submitted and indexed,SUCCESSFUL,ALLOWED,2026-08-13,2026-09-08
mileagecurve,https://mileagecurve.com/chevrolet-cruze-2011-2015/,PASS,Submitted and indexed,SUCCESSFUL,ALLOWED,2026-08-27,2026-09-08
mileagecurve,https://mileagecurve.com/dodge-ram-1500-1994-2001/,PASS,Submitted and indexed,SUCCESSFUL,ALLOWED,2026-08-27,2026-09-08
mileagecurve,https://mileagecurve.com/dodge-ram-1500-2002-2008/,PASS,Submitted and indexed,SUCCESSFUL,ALLOWED,2026-08-28,2026-09-08
mileagecurve,https://mileagecurve.com/dodge-ram-1500-2009-2010/,PASS,Submitted and indexed,SUCCESSFUL,ALLOWED,2026-08-28,2026-09-08
mileagecurve,https://mileagecurve.com/ford-taurus-1996-1999/,PASS,Submitted and indexed,SUCCESSFUL,ALLOWED,2026-08-28,2026-09-08
mileagecurve,https://mileagecurve.com/ford-taurus-2000-2007/,PASS,Submitted and indexed,SUCCESSFUL,ALLOWED,2026-08-28,2026-09-08
mileagecurve,https://mileagecurve.com/ford-taurus-2008-2009/,PASS,Submitted and indexed,SUCCESSFUL,ALLOWED,2026-08-27,2026-09-08
mileagecurve,https://mileagecurve.com/ford-taurus-2010-2019/,PASS,Submitted and indexed,SUCCESSFUL,ALLOWED,2026-08-27,2026-09-08
mileagecurve,https://mileagecurve.com/hyundai-tucson-2005-2009/,PASS,Submitted and indexed,SUCCESSFUL,ALLOWED,2026-08-31,2026-09-08
mileagecurve,https://mileagecurve.com/hyundai-tucson-2010-2015/,PASS,Submitted and indexed,SUCCESSFUL,ALLOWED,2026-08-13,2026-09-08
mileagecurve,https://mileagecurve.com/hyundai-tucson-2016-2021/,PASS,Submitted and indexed,SUCCESSFUL,ALLOWED,2026-08-31,2026-09-08
mileagecurve,https://mileagecurve.com/ford-escape-2001-2007/,PASS,Submitted and indexed,SUCCESSFUL,ALLOWED,2026-08-21,2026-09-08
mileagecurve,https://mileagecurve.com/ford-escape-2008-2012/,PASS,Submitted and indexed,SUCCESSFUL,ALLOWED,2026-08-31,2026-09-08
mileagecurve,https://mileagecurve.com/ford-escape-2013-2019/,PASS,Submitted and indexed,SUCCESSFUL,ALLOWED,2026-08-28,2026-09-08
mileagecurve,https://mileagecurve.com/hyundai-sonata-1999-2005/,PASS,Submitted and indexed,SUCCESSFUL,ALLOWED,2026-08-26,2026-09-08
mileagecurve,https://mileagecurve.com/hyundai-sonata-2006-2010/,PASS,Submitted and indexed,SUCCESSFUL,ALLOWED,2026-08-31,2026-09-08
mileagecurve,https://mileagecurve.com/hyundai-sonata-2011-2014/,PASS,Submitted and indexed,SUCCESSFUL,ALLOWED,2026-08-28,2026-09-08
mileagecurve,https://mileagecurve.com/hyundai-sonata-2015-2019/,PASS,Submitted and indexed,SUCCESSFUL,ALLOWED,2026-08-13,2026-09-08
mileagecurve,https://mileagecurve.com/dodge-durango-1998-2003/,NEUTRAL,Discovered - currently not indexed,PAGE_FETCH_STATE_UNSPECIFIED,ROBOTS_TXT_STATE_UNSPECIFIED,,2026-09-08
mileagecurve,https://mileagecurve.com/dodge-durango-2004-2009/,PASS,Submitted and indexed,SUCCESSFUL,ALLOWED,2026-08-31,2026-09-08
mileagecurve,https://mileagecurve.com/dodge-durango-2011-2025/,PASS,Submitted and indexed,SUCCESSFUL,ALLOWED,2026-08-28,2026-09-08
mileagecurve,https://mileagecurve.com/dodge-grand-caravan-1996-2000/,PASS,Submitted and indexed,SUCCESSFUL,ALLOWED,2026-08-27,2026-09-08
mileagecurve,https://mileagecurve.com/dodge-grand-caravan-2001-2007/,NEUTRAL,Crawled - currently not indexed,SUCCESSFUL,ALLOWED,2026-08-13,2026-09-08
mileagecurve,https://mileagecurve.com/dodge-grand-caravan-2008-2020/,PASS,Submitted and indexed,SUCCESSFUL,ALLOWED,2026-08-15,2026-09-08
mileagecurve,https://mileagecurve.com/chevrolet-equinox-2005-2009/,PASS,Submitted and indexed,SUCCESSFUL,ALLOWED,2026-09-01,2026-09-08
mileagecurve,https://mileagecurve.com/chevrolet-equinox-2010-2017/,PASS,Submitted and indexed,SUCCESSFUL,ALLOWED,2026-08-27,2026-09-08
mileagecurve,https://mileagecurve.com/kia-sorento-2003-2009/,PASS,Submitted and indexed,SUCCESSFUL,ALLOWED,2026-08-27,2026-09-08
mileagecurve,https://mileagecurve.com/kia-sorento-2011-2015/,PASS,Submitted and indexed,SUCCESSFUL,ALLOWED,2026-08-28,2026-09-08
mileagecurve,https://mileagecurve.com/kia-sorento-2016-2020/,PASS,Submitted and indexed,SUCCESSFUL,ALLOWED,2026-08-28,2026-09-08
mileagecurve,https://mileagecurve.com/toyota-highlander-2001-2007/,PASS,Submitted and indexed,SUCCESSFUL,ALLOWED,2026-08-13,2026-09-08
mileagecurve,https://mileagecurve.com/toyota-highlander-2008-2013/,PASS,Submitted and indexed,SUCCESSFUL,ALLOWED,2026-08-31,2026-09-08
mileagecurve,https://mileagecurve.com/toyota-highlander-2014-2019/,PASS,Submitted and indexed,SUCCESSFUL,ALLOWED,2026-09-05,2026-09-08
mileagecurve,https://mileagecurve.com/kia-soul-2010-2013/,PASS,Submitted and indexed,SUCCESSFUL,ALLOWED,2026-09-03,2026-09-08
mileagecurve,https://mileagecurve.com/kia-soul-2014-2019/,PASS,Submitted and indexed,SUCCESSFUL,ALLOWED,2026-09-01,2026-09-08
mileagecurve,https://mileagecurve.com/volkswagen-jetta-1993-1998/,PASS,Submitted and indexed,SUCCESSFUL,ALLOWED,2026-08-27,2026-09-08
mileagecurve,https://mileagecurve.com/volkswagen-jetta-1999-2004/,PASS,Submitted and indexed,SUCCESSFUL,ALLOWED,2026-08-31,2026-09-08
mileagecurve,https://mileagecurve.com/volkswagen-jetta-2005-2010/,PASS,Submitted and indexed,SUCCESSFUL,ALLOWED,2026-09-01,2026-09-08
mileagecurve,https://mileagecurve.com/volkswagen-jetta-2011-2018/,PASS,Submitted and indexed,SUCCESSFUL,ALLOWED,2026-08-27,2026-09-08
mileagecurve,https://mileagecurve.com/bmw-3-series-1999-2005/,PASS,Submitted and indexed,SUCCESSFUL,ALLOWED,2026-09-03,2026-09-08
mileagecurve,https://mileagecurve.com/bmw-3-series-2006-2011/,PASS,Submitted and indexed,SUCCESSFUL,ALLOWED,2026-08-27,2026-09-08
mileagecurve,https://mileagecurve.com/ford-focus-2000-2007/,PASS,Submitted and indexed,SUCCESSFUL,ALLOWED,2026-08-13,2026-09-08
mileagecurve,https://mileagecurve.com/ford-focus-2008-2011/,PASS,Submitted and indexed,SUCCESSFUL,ALLOWED,2026-08-31,2026-09-08
mileagecurve,https://mileagecurve.com/ford-focus-2012-2018/,PASS,Submitted and indexed,SUCCESSFUL,ALLOWED,2026-08-30,2026-09-08
mileagecurve,https://mileagecurve.com/jeep-wrangler-1997-2006/,PASS,Submitted and indexed,SUCCESSFUL,ALLOWED,2026-09-04,2026-09-08
mileagecurve,https://mileagecurve.com/jeep-wrangler-2007-2017/,NEUTRAL,Crawled - currently not indexed,SUCCESSFUL,ALLOWED,2026-08-21,2026-09-08
mileagecurve,https://mileagecurve.com/honda-civic-1996-2000/,PASS,Submitted and indexed,SUCCESSFUL,ALLOWED,2026-08-13,2026-09-08
mileagecurve,https://mileagecurve.com/honda-civic-2001-2005/,PASS,Submitted and indexed,SUCCESSFUL,ALLOWED,2026-09-01,2026-09-08
mileagecurve,https://mileagecurve.com/honda-civic-2006-2011/,PASS,Submitted and indexed,SUCCESSFUL,ALLOWED,2026-08-28,2026-09-08
mileagecurve,https://mileagecurve.com/honda-civic-2012-2015/,PASS,Submitted and indexed,SUCCESSFUL,ALLOWED,2026-08-27,2026-09-08
mileagecurve,https://mileagecurve.com/honda-civic-2016-2021/,PASS,Submitted and indexed,SUCCESSFUL,ALLOWED,2026-08-28,2026-09-08
mileagecurve,https://mileagecurve.com/toyota-prius-2001-2003/,PASS,Submitted and indexed,SUCCESSFUL,ALLOWED,2026-08-28,2026-09-08
mileagecurve,https://mileagecurve.com/toyota-prius-2004-2009/,PASS,Submitted and indexed,SUCCESSFUL,ALLOWED,2026-09-03,2026-09-08
mileagecurve,https://mileagecurve.com/toyota-prius-2010-2015/,PASS,Submitted and indexed,SUCCESSFUL,ALLOWED,2026-08-28,2026-09-08
mileagecurve,https://mileagecurve.com/toyota-prius-2016-2022/,PASS,Submitted and indexed,SUCCESSFUL,ALLOWED,2026-09-01,2026-09-08
mileagecurve,https://mileagecurve.com/nissan-pathfinder-1987-1995/,PASS,Submitted and indexed,SUCCESSFUL,ALLOWED,2026-08-27,2026-09-08
mileagecurve,https://mileagecurve.com/nissan-pathfinder-1996-2004/,PASS,Submitted and indexed,SUCCESSFUL,ALLOWED,2026-08-31,2026-09-08
mileagecurve,https://mileagecurve.com/nissan-pathfinder-2005-2012/,PASS,Submitted and indexed,SUCCESSFUL,ALLOWED,2026-08-28,2026-09-08
mileagecurve,https://mileagecurve.com/nissan-pathfinder-2013-2020/,PASS,Submitted and indexed,SUCCESSFUL,ALLOWED,2026-09-01,2026-09-08
mileagecurve,https://mileagecurve.com/chevrolet-trailblazer-2002-2009/,PASS,Submitted and indexed,SUCCESSFUL,ALLOWED,2026-08-13,2026-09-08
mileagecurve,https://mileagecurve.com/ford-fiesta-2011-2019/,PASS,Submitted and indexed,SUCCESSFUL,ALLOWED,2026-08-28,2026-09-08
mileagecurve,https://mileagecurve.com/toyota-sienna-1998-2003/,PASS,Submitted and indexed,SUCCESSFUL,ALLOWED,2026-08-13,2026-09-08
mileagecurve,https://mileagecurve.com/toyota-sienna-2004-2010/,PASS,Submitted and indexed,SUCCESSFUL,ALLOWED,2026-08-27,2026-09-08
mileagecurve,https://mileagecurve.com/toyota-sienna-2011-2020/,PASS,Submitted and indexed,SUCCESSFUL,ALLOWED,2026-08-28,2026-09-08
mileagecurve,https://mileagecurve.com/subaru-forester-1998-2002/,PASS,Submitted and indexed,SUCCESSFUL,ALLOWED,2026-09-03,2026-09-08
mileagecurve,https://mileagecurve.com/subaru-forester-2003-2008/,PASS,Submitted and indexed,SUCCESSFUL,ALLOWED,2026-09-02,2026-09-08
mileagecurve,https://mileagecurve.com/subaru-forester-2009-2013/,PASS,Submitted and indexed,SUCCESSFUL,ALLOWED,2026-08-13,2026-09-08
mileagecurve,https://mileagecurve.com/subaru-forester-2014-2018/,PASS,Submitted and indexed,SUCCESSFUL,ALLOWED,2026-08-28,2026-09-08
mileagecurve,https://mileagecurve.com/cadillac-escalade-2002-2006/,NEUTRAL,Crawled - currently not indexed,SUCCESSFUL,ALLOWED,2026-08-14,2026-09-08
mileagecurve,https://mileagecurve.com/cadillac-escalade-2007-2014/,PASS,Submitted and indexed,SUCCESSFUL,ALLOWED,2026-08-28,2026-09-08
mileagecurve,https://mileagecurve.com/ford-fusion-2006-2012/,PASS,Submitted and indexed,SUCCESSFUL,ALLOWED,2026-09-01,2026-09-08
mileagecurve,https://mileagecurve.com/ford-fusion-2013-2020/,PASS,Submitted and indexed,SUCCESSFUL,ALLOWED,2026-08-28,2026-09-08
mileagecurve,https://mileagecurve.com/nissan-maxima-1995-1999/,PASS,Submitted and indexed,SUCCESSFUL,ALLOWED,2026-08-13,2026-09-08
mileagecurve,https://mileagecurve.com/nissan-maxima-2000-2003/,PASS,Submitted and indexed,SUCCESSFUL,ALLOWED,2026-08-31,2026-09-08
mileagecurve,https://mileagecurve.com/nissan-maxima-2004-2008/,PASS,Submitted and indexed,SUCCESSFUL,ALLOWED,2026-08-31,2026-09-08
mileagecurve,https://mileagecurve.com/nissan-maxima-2009-2014/,PASS,Submitted and indexed,SUCCESSFUL,ALLOWED,2026-08-31,2026-09-08
mileagecurve,https://mileagecurve.com/ford-expedition-1997-2002/,PASS,Submitted and indexed,SUCCESSFUL,ALLOWED,2026-08-28,2026-09-08
mileagecurve,https://mileagecurve.com/ford-expedition-2003-2006/,PASS,Submitted and indexed,SUCCESSFUL,ALLOWED,2026-08-28,2026-09-08
mileagecurve,https://mileagecurve.com/ford-expedition-2007-2017/,PASS,Submitted and indexed,SUCCESSFUL,ALLOWED,2026-08-27,2026-09-08
mileagecurve,https://mileagecurve.com/honda-pilot-2003-2008/,PASS,Submitted and indexed,SUCCESSFUL,ALLOWED,2026-08-13,2026-09-08
mileagecurve,https://mileagecurve.com/honda-pilot-2009-2015/,PASS,Submitted and indexed,SUCCESSFUL,ALLOWED,2026-08-27,2026-09-08
mileagecurve,https://mileagecurve.com/honda-pilot-2016-2022/,PASS,Submitted and indexed,SUCCESSFUL,ALLOWED,2026-08-13,2026-09-08
mileagecurve,https://mileagecurve.com/chevrolet-cobalt-2005-2010/,PASS,Submitted and indexed,SUCCESSFUL,ALLOWED,2026-08-27,2026-09-08
mileagecurve,https://mileagecurve.com/toyota-tacoma-1995-2004/,PASS,Submitted and indexed,SUCCESSFUL,ALLOWED,2026-08-21,2026-09-08
mileagecurve,https://mileagecurve.com/toyota-tacoma-2005-2015/,PASS,Submitted and indexed,SUCCESSFUL,ALLOWED,2026-08-13,2026-09-08
mileagecurve,https://mileagecurve.com/toyota-tacoma-2016-2023/,NEUTRAL,Crawled - currently not indexed,SUCCESSFUL,ALLOWED,2026-09-02,2026-09-08
mileagecurve,https://mileagecurve.com/gmc-sierra-1500-1999-2006/,PASS,Submitted and indexed,SUCCESSFUL,ALLOWED,2026-09-01,2026-09-08
mileagecurve,https://mileagecurve.com/gmc-sierra-1500-2007-2013/,PASS,Submitted and indexed,SUCCESSFUL,ALLOWED,2026-08-28,2026-09-08
mileagecurve,https://mileagecurve.com/gmc-sierra-1500-2014-2018/,PASS,Submitted and indexed,SUCCESSFUL,ALLOWED,2026-08-28,2026-09-08
mileagecurve,https://mileagecurve.com/mazda-mazda3-2004-2009/,PASS,Submitted and indexed,SUCCESSFUL,ALLOWED,2026-08-27,2026-09-08
mileagecurve,https://mileagecurve.com/mazda-mazda3-2010-2013/,PASS,Submitted and indexed,SUCCESSFUL,ALLOWED,2026-08-28,2026-09-08
mileagecurve,https://mileagecurve.com/mazda-mazda3-2014-2018/,PASS,Submitted and indexed,SUCCESSFUL,ALLOWED,2026-08-28,2026-09-08
mileagecurve,https://mileagecurve.com/volkswagen-passat-1995-1997/,PASS,Submitted and indexed,SUCCESSFUL,ALLOWED,2026-08-15,2026-09-08
mileagecurve,https://mileagecurve.com/volkswagen-passat-1998-2005/,PASS,Submitted and indexed,SUCCESSFUL,ALLOWED,2026-08-21,2026-09-08
mileagecurve,https://mileagecurve.com/volkswagen-passat-2006-2010/,PASS,Submitted and indexed,SUCCESSFUL,ALLOWED,2026-08-31,2026-09-08
mileagecurve,https://mileagecurve.com/volkswagen-passat-2012-2022/,PASS,Submitted and indexed,SUCCESSFUL,ALLOWED,2026-08-13,2026-09-08
mileagecurve,https://mileagecurve.com/chrysler-200-2011-2014/,PASS,Submitted and indexed,SUCCESSFUL,ALLOWED,2026-08-27,2026-09-08
mileagecurve,https://mileagecurve.com/chrysler-200-2015-2017/,PASS,Submitted and indexed,SUCCESSFUL,ALLOWED,2026-08-27,2026-09-08
mileagecurve,https://mileagecurve.com/jeep-liberty-2002-2007/,PASS,Submitted and indexed,SUCCESSFUL,ALLOWED,2026-08-28,2026-09-08
mileagecurve,https://mileagecurve.com/jeep-liberty-2008-2012/,PASS,Submitted and indexed,SUCCESSFUL,ALLOWED,2026-08-13,2026-09-08
mileagecurve,https://mileagecurve.com/chevrolet-suburban-1992-1999/,PASS,Submitted and indexed,SUCCESSFUL,ALLOWED,2026-08-28,2026-09-08
mileagecurve,https://mileagecurve.com/chevrolet-suburban-2000-2006/,PASS,Submitted and indexed,SUCCESSFUL,ALLOWED,2026-08-21,2026-09-08
mileagecurve,https://mileagecurve.com/chevrolet-suburban-2007-2014/,PASS,Submitted and indexed,SUCCESSFUL,ALLOWED,2026-09-02,2026-09-08
mileagecurve,https://mileagecurve.com/chevrolet-suburban-2015-2020/,PASS,Submitted and indexed,SUCCESSFUL,ALLOWED,2026-08-28,2026-09-08
mileagecurve,https://mileagecurve.com/ford-ranger-1993-1997/,NEUTRAL,Crawled - currently not indexed,SUCCESSFUL,ALLOWED,2026-09-01,2026-09-08
mileagecurve,https://mileagecurve.com/ford-ranger-1998-2011/,PASS,Submitted and indexed,SUCCESSFUL,ALLOWED,2026-08-28,2026-09-08
mileagecurve,https://mileagecurve.com/nissan-versa-2007-2011/,PASS,Submitted and indexed,SUCCESSFUL,ALLOWED,2026-09-02,2026-09-08
mileagecurve,https://mileagecurve.com/nissan-versa-2012-2019/,PASS,Submitted and indexed,SUCCESSFUL,ALLOWED,2026-09-03,2026-09-08
mileagecurve,https://mileagecurve.com/toyota-tundra-2000-2006/,NEUTRAL,Discovered - currently not indexed,PAGE_FETCH_STATE_UNSPECIFIED,ROBOTS_TXT_STATE_UNSPECIFIED,,2026-09-08
mileagecurve,https://mileagecurve.com/toyota-tundra-2007-2021/,PASS,Submitted and indexed,SUCCESSFUL,ALLOWED,2026-08-13,2026-09-08
mileagecurve,https://mileagecurve.com/honda-fit-2007-2008/,PASS,Submitted and indexed,SUCCESSFUL,ALLOWED,2026-08-31,2026-09-08
mileagecurve,https://mileagecurve.com/honda-fit-2009-2013/,PASS,Submitted and indexed,SUCCESSFUL,ALLOWED,2026-08-31,2026-09-08
mileagecurve,https://mileagecurve.com/honda-fit-2015-2020/,PASS,Submitted and indexed,SUCCESSFUL,ALLOWED,2026-08-31,2026-09-08
mileagecurve,https://mileagecurve.com/kia-forte-2010-2013/,PASS,Submitted and indexed,SUCCESSFUL,ALLOWED,2026-08-21,2026-09-08
mileagecurve,https://mileagecurve.com/kia-forte-2014-2018/,PASS,Submitted and indexed,SUCCESSFUL,ALLOWED,2026-08-31,2026-09-08
mileagecurve,https://mileagecurve.com/jeep-compass-2007-2016/,PASS,Submitted and indexed,SUCCESSFUL,ALLOWED,2026-08-28,2026-09-08
mileagecurve,https://mileagecurve.com/pontiac-g6-2005-2010/,PASS,Submitted and indexed,SUCCESSFUL,ALLOWED,2026-08-28,2026-09-08
mileagecurve,https://mileagecurve.com/chrysler-pacifica-2004-2008/,PASS,Submitted and indexed,SUCCESSFUL,ALLOWED,2026-08-13,2026-09-08
mileagecurve,https://mileagecurve.com/chrysler-pacifica-2017-2025/,PASS,Submitted and indexed,SUCCESSFUL,ALLOWED,2026-09-01,2026-09-08
mileagecurve,https://mileagecurve.com/dodge-journey-2009-2020/,PASS,Submitted and indexed,SUCCESSFUL,ALLOWED,2026-08-28,2026-09-08
mileagecurve,https://mileagecurve.com/buick-enclave-2008-2017/,PASS,Submitted and indexed,SUCCESSFUL,ALLOWED,2026-08-27,2026-09-08
mileagecurve,https://mileagecurve.com/hyundai-santa-fe-2001-2006/,PASS,Submitted and indexed,SUCCESSFUL,ALLOWED,2026-08-13,2026-09-08
mileagecurve,https://mileagecurve.com/hyundai-santa-fe-2007-2012/,PASS,Submitted and indexed,SUCCESSFUL,ALLOWED,2026-08-28,2026-09-08
mileagecurve,https://mileagecurve.com/hyundai-santa-fe-2013-2018/,PASS,Submitted and indexed,SUCCESSFUL,ALLOWED,2026-08-28,2026-09-08
mileagecurve,https://mileagecurve.com/nissan-murano-2003-2007/,PASS,Submitted and indexed,SUCCESSFUL,ALLOWED,2026-08-13,2026-09-08
mileagecurve,https://mileagecurve.com/nissan-murano-2009-2014/,PASS,Submitted and indexed,SUCCESSFUL,ALLOWED,2026-09-02,2026-09-08
mileagecurve,https://mileagecurve.com/nissan-murano-2015-2024/,PASS,Submitted and indexed,SUCCESSFUL,ALLOWED,2026-09-01,2026-09-08
mileagecurve,https://mileagecurve.com/chevrolet-camaro-1993-2002/,PASS,Submitted and indexed,SUCCESSFUL,ALLOWED,2026-09-02,2026-09-08
mileagecurve,https://mileagecurve.com/chevrolet-camaro-2010-2015/,PASS,Submitted and indexed,SUCCESSFUL,ALLOWED,2026-08-31,2026-09-08
mileagecurve,https://mileagecurve.com/toyota-4runner-1996-2002/,NEUTRAL,Discovered - currently not indexed,PAGE_FETCH_STATE_UNSPECIFIED,ROBOTS_TXT_STATE_UNSPECIFIED,,2026-09-08
mileagecurve,https://mileagecurve.com/toyota-4runner-2003-2009/,PASS,Submitted and indexed,SUCCESSFUL,ALLOWED,2026-08-13,2026-09-08
mileagecurve,https://mileagecurve.com/toyota-4runner-2010-2024/,PASS,Submitted and indexed,SUCCESSFUL,ALLOWED,2026-09-02,2026-09-08
mileagecurve,https://mileagecurve.com/acura-mdx-2001-2006/,PASS,Submitted and indexed,SUCCESSFUL,ALLOWED,2026-09-02,2026-09-08
mileagecurve,https://mileagecurve.com/acura-mdx-2007-2013/,PASS,Submitted and indexed,SUCCESSFUL,ALLOWED,2026-08-27,2026-09-08
mileagecurve,https://mileagecurve.com/acura-mdx-2014-2020/,PASS,Submitted and indexed,SUCCESSFUL,ALLOWED,2026-08-28,2026-09-08
mileagecurve,https://mileagecurve.com/audi-a4-1996-2001/,PASS,Submitted and indexed,SUCCESSFUL,ALLOWED,2026-08-27,2026-09-08
mileagecurve,https://mileagecurve.com/audi-a4-2002-2005/,NEUTRAL,Crawled - currently not indexed,SUCCESSFUL,ALLOWED,2026-08-15,2026-09-08
mileagecurve,https://mileagecurve.com/audi-a4-2006-2008/,PASS,Submitted and indexed,SUCCESSFUL,ALLOWED,2026-08-28,2026-09-08
mileagecurve,https://mileagecurve.com/audi-a4-2009-2016/,PASS,Submitted and indexed,SUCCESSFUL,ALLOWED,2026-09-06,2026-09-08
mileagecurve,https://mileagecurve.com/chevrolet-hhr-2006-2011/,NEUTRAL,URL is unknown to Google,PAGE_FETCH_STATE_UNSPECIFIED,ROBOTS_TXT_STATE_UNSPECIFIED,,2026-09-08
mileagecurve,https://mileagecurve.com/saturn-ion-2003-2007/,PASS,Submitted and indexed,SUCCESSFUL,ALLOWED,2026-08-27,2026-09-08
mileagecurve,https://mileagecurve.com/ford-freestar-2004-2007/,PASS,Submitted and indexed,SUCCESSFUL,ALLOWED,2026-08-31,2026-09-08
mileagecurve,https://mileagecurve.com/mercury-grand-marquis-1992-1997/,PASS,Submitted and indexed,SUCCESSFUL,ALLOWED,2026-09-01,2026-09-08
mileagecurve,https://mileagecurve.com/mercury-grand-marquis-1998-2002/,PASS,Submitted and indexed,SUCCESSFUL,ALLOWED,2026-08-28,2026-09-08
mileagecurve,https://mileagecurve.com/mercury-grand-marquis-2003-2011/,PASS,Submitted and indexed,SUCCESSFUL,ALLOWED,2026-08-27,2026-09-08
mileagecurve,https://mileagecurve.com/lincoln-navigator-1998-2002/,PASS,Submitted and indexed,SUCCESSFUL,ALLOWED,2026-08-31,2026-09-08
mileagecurve,https://mileagecurve.com/lincoln-navigator-2003-2006/,PASS,Submitted and indexed,SUCCESSFUL,ALLOWED,2026-08-28,2026-09-08
mileagecurve,https://mileagecurve.com/lincoln-navigator-2007-2017/,PASS,Submitted and indexed,SUCCESSFUL,ALLOWED,2026-08-27,2026-09-08
mileagecurve,https://mileagecurve.com/mitsubishi-outlander-2003-2006/,PASS,Submitted and indexed,SUCCESSFUL,ALLOWED,2026-08-28,2026-09-08
mileagecurve,https://mileagecurve.com/mitsubishi-outlander-2007-2013/,PASS,Submitted and indexed,SUCCESSFUL,ALLOWED,2026-08-27,2026-09-08
mileagecurve,https://mileagecurve.com/mitsubishi-outlander-2014-2020/,PASS,Submitted and indexed,SUCCESSFUL,ALLOWED,2026-08-27,2026-09-08
mileagecurve,https://mileagecurve.com/volvo-xc90-2003-2014/,PASS,Submitted and indexed,SUCCESSFUL,ALLOWED,2026-08-13,2026-09-08
mileagecurve,https://mileagecurve.com/volvo-xc90-2016-2025/,NEUTRAL,Crawled - currently not indexed,SUCCESSFUL,ALLOWED,2026-08-15,2026-09-08
mileagecurve,https://mileagecurve.com/lexus-rx-2004-2009/,PASS,Submitted and indexed,SUCCESSFUL,ALLOWED,2026-08-28,2026-09-08
mileagecurve,https://mileagecurve.com/infiniti-g35-2003-2006/,PASS,Submitted and indexed,SUCCESSFUL,ALLOWED,2026-08-28,2026-09-08
mileagecurve,https://mileagecurve.com/infiniti-g35-2007-2008/,PASS,Submitted and indexed,SUCCESSFUL,ALLOWED,2026-08-28,2026-09-08
mileagecurve,https://mileagecurve.com/subaru-impreza-2002-2007/,PASS,Submitted and indexed,SUCCESSFUL,ALLOWED,2026-08-28,2026-09-08
mileagecurve,https://mileagecurve.com/subaru-impreza-2008-2011/,PASS,Submitted and indexed,SUCCESSFUL,ALLOWED,2026-08-27,2026-09-08
mileagecurve,https://mileagecurve.com/subaru-impreza-2012-2016/,PASS,Submitted and indexed,SUCCESSFUL,ALLOWED,2026-08-31,2026-09-08
mileagecurve,https://mileagecurve.com/pontiac-grand-am-1992-1998/,PASS,Submitted and indexed,SUCCESSFUL,ALLOWED,2026-08-28,2026-09-08
mileagecurve,https://mileagecurve.com/pontiac-grand-am-1999-2005/,PASS,Submitted and indexed,SUCCESSFUL,ALLOWED,2026-09-01,2026-09-08
mileagecurve,https://mileagecurve.com/oldsmobile-alero-1999-2004/,PASS,Submitted and indexed,SUCCESSFUL,ALLOWED,2026-08-15,2026-09-08
mileagecurve,https://mileagecurve.com/buick-lacrosse-2005-2009/,PASS,Submitted and indexed,SUCCESSFUL,ALLOWED,2026-09-02,2026-09-08
mileagecurve,https://mileagecurve.com/buick-lacrosse-2010-2016/,PASS,Submitted and indexed,SUCCESSFUL,ALLOWED,2026-08-27,2026-09-08
mileagecurve,https://mileagecurve.com/chevrolet-colorado-2004-2012/,PASS,Submitted and indexed,SUCCESSFUL,ALLOWED,2026-08-15,2026-09-08
mileagecurve,https://mileagecurve.com/chevrolet-colorado-2015-2022/,PASS,Submitted and indexed,SUCCESSFUL,ALLOWED,2026-08-27,2026-09-08
mileagecurve,https://mileagecurve.com/gmc-yukon-1992-1999/,PASS,Submitted and indexed,SUCCESSFUL,ALLOWED,2026-08-28,2026-09-08
mileagecurve,https://mileagecurve.com/gmc-yukon-2000-2006/,PASS,Submitted and indexed,SUCCESSFUL,ALLOWED,2026-09-01,2026-09-08
mileagecurve,https://mileagecurve.com/gmc-yukon-2007-2014/,PASS,Submitted and indexed,SUCCESSFUL,ALLOWED,2026-08-21,2026-09-08
mileagecurve,https://mileagecurve.com/gmc-yukon-2015-2020/,PASS,Submitted and indexed,SUCCESSFUL,ALLOWED,2026-09-01,2026-09-08
mileagecurve,https://mileagecurve.com/mazda-cx-9-2007-2015/,NEUTRAL,Crawled - currently not indexed,SUCCESSFUL,ALLOWED,2026-08-21,2026-09-08
mileagecurve,https://mileagecurve.com/kia-sportage-1995-2002/,PASS,Submitted and indexed,SUCCESSFUL,ALLOWED,2026-08-27,2026-09-08
mileagecurve,https://mileagecurve.com/kia-sportage-2005-2010/,PASS,Submitted and indexed,SUCCESSFUL,ALLOWED,2026-08-13,2026-09-08
mileagecurve,https://mileagecurve.com/kia-sportage-2011-2016/,PASS,Submitted and indexed,SUCCESSFUL,ALLOWED,2026-08-28,2026-09-08
mileagecurve,https://mileagecurve.com/hyundai-accent-2000-2005/,PASS,Submitted and indexed,SUCCESSFUL,ALLOWED,2026-09-01,2026-09-08
mileagecurve,https://mileagecurve.com/hyundai-accent-2006-2011/,PASS,Submitted and indexed,SUCCESSFUL,ALLOWED,2026-08-27,2026-09-08
mileagecurve,https://mileagecurve.com/hyundai-accent-2012-2017/,PASS,Submitted and indexed,SUCCESSFUL,ALLOWED,2026-08-27,2026-09-08
mileagecurve,https://mileagecurve.com/nissan-frontier-1998-2004/,PASS,Submitted and indexed,SUCCESSFUL,ALLOWED,2026-08-27,2026-09-08
mileagecurve,https://mileagecurve.com/nissan-frontier-2005-2021/,PASS,Submitted and indexed,SUCCESSFUL,ALLOWED,2026-08-31,2026-09-08
mileagecurve,https://mileagecurve.com/toyota-avalon-1995-1999/,PASS,Submitted and indexed,SUCCESSFUL,ALLOWED,2026-08-28,2026-09-08
mileagecurve,https://mileagecurve.com/toyota-avalon-2000-2004/,PASS,Submitted and indexed,SUCCESSFUL,ALLOWED,2026-09-01,2026-09-08
mileagecurve,https://mileagecurve.com/toyota-avalon-2005-2012/,PASS,Submitted and indexed,SUCCESSFUL,ALLOWED,2026-08-28,2026-09-08
mileagecurve,https://mileagecurve.com/toyota-avalon-2013-2018/,PASS,Submitted and indexed,SUCCESSFUL,ALLOWED,2026-08-28,2026-09-08
