# Разрез Search Console по query, окно 2026-06-21..2026-09-18. Показов в разрезе 3803 из 19866 в итоге (19%). Разрыв — анонимизация Google: редкие запросы он не отдаёт вовсе. До 18.09.2026 здесь стояло, что это «не потеря данных, а её предел», и это было неправдой: разрез обрезал НАШ собственный лимит в 250 строк, а внутри нулевого блока строки идут по алфавиту — терялся весь словарь сайта после первых букв. Лимит снят; если доля всё ещё мала, теперь это действительно предел источника
# Снято ботом 2026-09-19. Правки руками будут стёрты следующим прогоном.
site,query,impressions,clicks,ctr,position
gspaytables,federal pay raise 2027,50,8,16.0,9.2
gspaytables,2027 federal pay raise,33,5,15.15,14.9
gspaytables,federal employee pay raise 2027,23,5,21.74,3.7
gspaytables,gs pay raise 2027,8,3,37.5,3.4
gspaytables,alternative pay plan letter 2027,28,2,7.14,7.1
gspaytables,gs pay increase 2027,3,2,66.67,1.7
gspaytables,2026 gs pay scale,1,1,100.0,25.0
gspaytables,2027 civilian federal pay raise,2,1,50.0,4.0
gspaytables,2027 federal civilian pay raise,5,1,20.0,2.6
gspaytables,2027 federal pay increase,1,1,100.0,4.0
gspaytables,2027 gs pay raise,3,1,33.33,2.0
gspaytables,alternative pay plan 2027,3,1,33.33,6.3
gspaytables,civilian pay raise 2027,2,1,50.0,2.0
gspaytables,federal civilian pay raise 2027,3,1,33.33,4.0
gspaytables,federal employees salary increase 2027,1,1,100.0,1.0
gspaytables,federal pay 2027,3,1,33.33,3.0
gspaytables,federal pay raise,5,1,20.0,21.2
gspaytables,federal raise 2027,3,1,33.33,3.7
gspaytables,federal worker pay raise 2027,4,1,25.0,2.8
gspaytables,yes,3,1,33.33,4.3
gspaytables,"atlanta" "locality",2,0,0.0,27.5
gspaytables,12 pay,1,0,0.0,38.0
gspaytables,2023 federal pay raise,1,0,0.0,46.0
gspaytables,2024 gs pay scale,1,0,0.0,27.0
gspaytables,2024 pay raise,4,0,0.0,31.2
gspaytables,2025 gs pay scale,5,0,0.0,35.2
gspaytables,2025 gs pay scale dc,3,0,0.0,60.3
gspaytables,2025 gs payscale,1,0,0.0,27.0
gspaytables,2025 pay scale,1,0,0.0,32.0
gspaytables,2025 pay tables,16,0,0.0,22.4
gspaytables,2026 grade scale,1,0,0.0,7.0
gspaytables,2026 gs pay scale dc,1,0,0.0,54.0
gspaytables,2026 gs pay scale hawaii,1,0,0.0,31.0
gspaytables,2026 gs pay scale philadelphia,1,0,0.0,59.0
gspaytables,2026 gs pay scale rest of us,2,0,0.0,40.0
gspaytables,2026 gs pay scale san antonio,1,0,0.0,21.0
gspaytables,2026 gs pay scale virginia beach,1,0,0.0,26.0
gspaytables,2026 gs pay scale with locality,1,0,0.0,11.0
gspaytables,2026 opm pay scale with locality pay,1,0,0.0,48.0
gspaytables,2027 alternative pay plan,2,0,0.0,4.0
gspaytables,2027 federal civilian pay increase,2,0,0.0,1.5
gspaytables,2027 federal employee pay,1,0,0.0,4.0
gspaytables,2027 federal government pay raise,1,0,0.0,150.0
gspaytables,2027 federal pay raise update,1,0,0.0,54.0
gspaytables,2027 pay increase,1,0,0.0,11.0
gspaytables,3.1 percent pay raise,1,0,0.0,19.0
gspaytables,6 pay,1,0,0.0,55.0
gspaytables,accomac va,1,0,0.0,5.0
gspaytables,ad government pay scale,1,0,0.0,32.0
gspaytables,ad pay scale,1,0,0.0,37.0
gspaytables,alaska gs pay scale,1,0,0.0,47.0
gspaytables,alaska gs pay scale 2026,3,0,0.0,9.7
gspaytables,alaska salary schedules,1,0,0.0,26.0
gspaytables,alaska state pay scale,1,0,0.0,26.0
gspaytables,alternative pay,1,0,0.0,31.0
gspaytables,alternative pay plan,2,0,0.0,14.5
gspaytables,annual pay raise,1,0,0.0,39.0
gspaytables,arizona gs,1,0,0.0,9.0
gspaytables,arizona gs pay scale 2026,1,0,0.0,11.0
gspaytables,astoria oregon,1,0,0.0,4.0
gspaytables,average pay in colorado springs,1,0,0.0,59.0
gspaytables,average salary norfolk,1,0,0.0,68.0
gspaytables,az gs,2,0,0.0,9.0
gspaytables,bilingoplus,1,0,0.0,19.0
gspaytables,boston gs pay scale,7,0,0.0,21.6
gspaytables,boston gs pay scale 2026,1,0,0.0,10.0
gspaytables,boston gs payscale,1,0,0.0,11.0
gspaytables,both,1,0,0.0,3.0
gspaytables,buffalo gs pay scale 2026,1,0,0.0,8.0
gspaytables,calculate gs pay,1,0,0.0,36.0
gspaytables,california gs,1,0,0.0,11.0
gspaytables,chicago gs,1,0,0.0,33.0
gspaytables,chicago locality pay,1,0,0.0,11.0
gspaytables,city based zone_1.25 compensation,1,0,0.0,8.0
gspaytables,city of carlsbad salary schedule,1,0,0.0,26.0
gspaytables,city of chula vista salary schedule,1,0,0.0,23.0
gspaytables,city of colorado springs salary schedule 2026,23,0,0.0,9.9
gspaytables,city of fort worth salary schedule,1,0,0.0,39.0
gspaytables,city of fort worth salary schedule 2026,1,0,0.0,41.0
gspaytables,city of houston pay grade 20,1,0,0.0,40.0
gspaytables,city of huntsville pay scale,1,0,0.0,44.0
gspaytables,city of huntsville pay scale pdf,1,0,0.0,35.0
gspaytables,city of laredo salaries,1,0,0.0,38.0
gspaytables,city of long beach salary schedule,1,0,0.0,37.0
gspaytables,city of long beach salary schedule 2026,1,0,0.0,9.0
gspaytables,city of omaha pay scales,1,0,0.0,26.0
gspaytables,city of omaha pay scales 2026,1,0,0.0,11.0
gspaytables,city of portland pay scale,1,0,0.0,31.0
gspaytables,city of san diego pay scale,1,0,0.0,39.0
gspaytables,city of san diego pay scale 2026,2,0,0.0,9.0
gspaytables,city of san diego payscale,2,0,0.0,63.0
gspaytables,city of san diego salary table 2026,14,0,0.0,10.3
gspaytables,city of san jose pay scale,1,0,0.0,54.0
gspaytables,city of tacoma salary table,1,0,0.0,25.0
gspaytables,city of virginia beach salaries,1,0,0.0,36.0
gspaytables,civilian pay grade,1,0,0.0,29.0
gspaytables,civilian pay grades,1,0,0.0,27.0
gspaytables,class 3 pay scale,1,0,0.0,38.0
gspaytables,cleveland gs pay scale,2,0,0.0,22.5
gspaytables,cleveland gs pay scale 2026,2,0,0.0,15.5
gspaytables,cleveland gs scale,2,0,0.0,9.5
gspaytables,co gs,1,0,0.0,11.0
gspaytables,colorado gs pay scale 2026,3,0,0.0,9.7
gspaytables,colorado springs gs pay scale,1,0,0.0,25.0
gspaytables,colorado springs locality pay 2026,1,0,0.0,10.0
gspaytables,colorado springs police pay,1,0,0.0,44.0
gspaytables,colorado springs salary,1,0,0.0,53.0
gspaytables,columbus ohio,1,0,0.0,1.0
gspaytables,compare hourly gsc,5,0,0.0,75.2
gspaytables,cost of living increase 2027 federal employees,1,0,0.0,4.0
gspaytables,cost of living raise 2027,1,0,0.0,26.0
gspaytables,ct pay scale federal government,1,0,0.0,8.0
gspaytables,current gs pay scale,1,0,0.0,35.0
gspaytables,dallas and fort worth,1,0,0.0,9.0
gspaytables,dallas county salary schedule 2026,1,0,0.0,45.0
gspaytables,dallas gs scale,1,0,0.0,10.0
gspaytables,dc federal pay scale 2026,2,0,0.0,11.0
gspaytables,dc gs,2,0,0.0,10.0
gspaytables,dc gs 12,1,0,0.0,51.0
gspaytables,dc gs locality pay,1,0,0.0,53.0
gspaytables,dc gs pay,1,0,0.0,11.0
gspaytables,dc gs pay scale,6,0,0.0,43.2
gspaytables,dc gs pay scale 2025,3,0,0.0,51.7
gspaytables,dc gs pay scale 2026,1,0,0.0,44.0
gspaytables,dc gs scale,2,0,0.0,39.0
gspaytables,dc gs scale 2026,1,0,0.0,48.0
gspaytables,dc locality pay,1,0,0.0,21.0
gspaytables,dc locality pay 2025,2,0,0.0,42.5
gspaytables,dc locality pay 2026,4,0,0.0,14.2
gspaytables,dc pay scale,2,0,0.0,24.0
gspaytables,dc pay scale 2025,1,0,0.0,39.0
gspaytables,dc pay scale 2026,2,0,0.0,42.5
gspaytables,dc pay scale gs,1,0,0.0,30.0
gspaytables,dc payscale,1,0,0.0,22.0
gspaytables,de gs,1,0,0.0,19.0
gspaytables,dea gs 14 salary,1,0,0.0,7.0
gspaytables,denver gs,3,0,0.0,11.0
gspaytables,denver gs pay scale,1,0,0.0,27.0
gspaytables,denver gs pay scale 2026,2,0,0.0,26.5
gspaytables,eo 14368,1,0,0.0,11.0
gspaytables,executive order 14368,7,0,0.0,10.4
gspaytables,federal 2027 pay raise,1,0,0.0,4.0
gspaytables,federal employee pay freeze 2027,1,0,0.0,35.0
gspaytables,federal employee pay raise 2027 update,2,0,0.0,3.5
gspaytables,federal employee raise,1,0,0.0,96.0
gspaytables,federal general schedule pay scale,1,0,0.0,24.0
gspaytables,federal government gs pay scale,1,0,0.0,39.0
gspaytables,federal gs pay rates,1,0,0.0,25.0
gspaytables,federal gs pay scale 2025,1,0,0.0,56.0
gspaytables,federal gs pay scales,1,0,0.0,28.0
gspaytables,federal gs payscale,1,0,0.0,37.0
gspaytables,federal gs scale,1,0,0.0,26.0
gspaytables,federal job grades,1,0,0.0,22.0
gspaytables,federal job pay grades,1,0,0.0,22.0
gspaytables,federal locality pay,2,0,0.0,58.0
gspaytables,federal pay comparability act,1,0,0.0,35.0
gspaytables,federal pay grade,3,0,0.0,30.0
gspaytables,federal pay increase 2027,4,0,0.0,3.8
gspaytables,federal pay raise 2023 effective date,2,0,0.0,61.0
gspaytables,federal pay raise 2027 chart with locality,1,0,0.0,9.0
gspaytables,federal pay raise 2027 update,4,0,0.0,22.8
gspaytables,federal pay raise for 2027,1,0,0.0,4.0
gspaytables,federal pay scale 2026 dc,6,0,0.0,10.8
gspaytables,federal pay scale 2026 washington dc,2,0,0.0,11.0
gspaytables,federal pay tables,2,0,0.0,21.0
gspaytables,federal raises 2027,1,0,0.0,2.0
gspaytables,federal salary table,1,0,0.0,38.0
gspaytables,federal salary tables,2,0,0.0,33.5
gspaytables,federal wage tables,1,0,0.0,26.0
gspaytables,fers locality pay,3,0,0.0,44.7
gspaytables,fg pay scale,2,0,0.0,18.5
gspaytables,florida gs pay scale 2026,1,0,0.0,33.0
gspaytables,florida pay scale,1,0,0.0,45.0
gspaytables,fort worth salary,3,0,0.0,51.0
gspaytables,fresno county salaries 2026,1,0,0.0,37.0
gspaytables,fv vs gs pay scale,1,0,0.0,25.0
gspaytables,g s 4,1,0,0.0,68.0
gspaytables,g s pay scale,1,0,0.0,32.0
gspaytables,g s scale,8,0,0.0,36.9
gspaytables,g-12 pay scale,1,0,0.0,29.0
gspaytables,g11 salary,1,0,0.0,51.0
gspaytables,g12 pay scale,3,0,0.0,23.0
gspaytables,g14 salary,2,0,0.0,33.5
gspaytables,g15 pay,1,0,0.0,7.0
gspaytables,g6 pay,1,0,0.0,11.0
gspaytables,g6 pay scale,3,0,0.0,27.3
gspaytables,g7 government pay scale,1,0,0.0,40.0
gspaytables,g7 pay scale,2,0,0.0,21.5
gspaytables,g7 salary,1,0,0.0,23.0
gspaytables,g8 pay grade,1,0,0.0,34.0
gspaytables,g9 salary,1,0,0.0,26.0
gspaytables,ga gs,1,0,0.0,11.0
gspaytables,ga pay,1,0,0.0,42.0
gspaytables,gaji eselon 3,1,0,0.0,62.0
gspaytables,general schedule locality pay,1,0,0.0,38.0
gspaytables,general schedule pay,2,0,0.0,19.0
gspaytables,general schedule pay scale,2,0,0.0,23.0
gspaytables,general schedule pay tables,8,0,0.0,26.5
gspaytables,general schedule payscale,6,0,0.0,26.5
gspaytables,general schedule rating,1,0,0.0,46.0
gspaytables,general service pay scale,2,0,0.0,23.0
gspaytables,georgia gs,6,0,0.0,9.0
gspaytables,georgia pay,1,0,0.0,48.0
gspaytables,gg 11,2,0,0.0,34.0
gspaytables,gg 12 pay scale,1,0,0.0,22.0
gspaytables,gg 14,1,0,0.0,29.0
gspaytables,gg 15 pay scale,1,0,0.0,30.0
gspaytables,gg federal pay scale,1,0,0.0,26.0
gspaytables,gg pay,2,0,0.0,42.5
gspaytables,gg pay scale 2026 dc,1,0,0.0,40.0
gspaytables,gg pay scale dc,1,0,0.0,30.0
gspaytables,gg pay scale vs gs,1,0,0.0,61.0
gspaytables,gg pay scale washington dc,3,0,0.0,39.0
gspaytables,gg pay scale with locality,1,0,0.0,38.0
gspaytables,gg scale,2,0,0.0,26.5
gspaytables,gg-14,1,0,0.0,26.0
gspaytables,gg-14 pay,1,0,0.0,9.0
gspaytables,gg-15 pay scale,1,0,0.0,29.0
gspaytables,gg9 pay scale,1,0,0.0,21.0
gspaytables,gl 11 pay,2,0,0.0,20.0
gspaytables,gl 6 pay scale,1,0,0.0,25.0
gspaytables,gl 7,1,0,0.0,18.0
gspaytables,gl-7,7,0,0.0,19.6
gspaytables,gov gs pay scale,2,0,0.0,45.5
gspaytables,government ad pay scale,1,0,0.0,29.0
gspaytables,government grade scale,1,0,0.0,40.0
gspaytables,government gs pay,1,0,0.0,29.0
gspaytables,government gs pay scale,1,0,0.0,30.0
gspaytables,government gs pay scales,1,0,0.0,28.0
gspaytables,government gs payscale,1,0,0.0,29.0
gspaytables,government jobs pay grades,1,0,0.0,65.0
gspaytables,government locality pay,1,0,0.0,29.0
gspaytables,government pay bands,2,0,0.0,31.0
gspaytables,government pay raise 2027,1,0,0.0,6.0
gspaytables,government pay scale,9,0,0.0,21.9
gspaytables,government pay scale dc,1,0,0.0,37.0
gspaytables,government pay scale gs,2,0,0.0,19.5
gspaytables,government pay scale washington dc,3,0,0.0,43.3
gspaytables,government pay scales,2,0,0.0,26.0
gspaytables,government pay table,1,0,0.0,18.0
gspaytables,government salary grade 11,1,0,0.0,43.0
gspaytables,government salary grades,1,0,0.0,38.0
gspaytables,government salary increase 2027,1,0,0.0,20.0
gspaytables,government service pay scale,1,0,0.0,27.0
gspaytables,govt salary grade,1,0,0.0,62.0
gspaytables,grade 11 salary,1,0,0.0,31.0
gspaytables,grade 11 salary federal government,1,0,0.0,19.0
gspaytables,grade 15 pay scale,1,0,0.0,8.0
gspaytables,grade 4 government pay scale,2,0,0.0,20.0
gspaytables,grade 5 pay,1,0,0.0,27.0
gspaytables,grade 7 salary,1,0,0.0,33.0
gspaytables,grade pay band,1,0,0.0,66.0
gspaytables,grade pay scale,1,0,0.0,24.0
gspaytables,grade scale 2026,19,0,0.0,9.7
gspaytables,gs 04 pay,2,0,0.0,19.0
gspaytables,gs 05,1,0,0.0,31.0
gspaytables,gs 05 pay scale,2,0,0.0,16.0
gspaytables,gs 06 pay,2,0,0.0,19.5
gspaytables,gs 06 pay scale,1,0,0.0,30.0
gspaytables,gs 07 pay,3,0,0.0,22.7
gspaytables,gs 07 pay scale,1,0,0.0,23.0
gspaytables,gs 08,2,0,0.0,7.0
gspaytables,gs 08 pay scale,1,0,0.0,7.0
gspaytables,gs 09,6,0,0.0,25.0
gspaytables,gs 09 pay,1,0,0.0,13.0
gspaytables,gs 09 pay scale,1,0,0.0,29.0
gspaytables,gs 10,10,0,0.0,11.2
gspaytables,gs 10 pay,13,0,0.0,12.0
gspaytables,gs 10 pay scale,4,0,0.0,18.2
gspaytables,gs 10 salary,4,0,0.0,13.8
gspaytables,gs 10 step 4,1,0,0.0,30.0
gspaytables,gs 11,4,0,0.0,28.8
gspaytables,gs 11 dc,1,0,0.0,16.0
gspaytables,gs 11 dc pay,1,0,0.0,11.0
gspaytables,gs 11 equivalent,1,0,0.0,41.0
gspaytables,gs 11 hourly rate,1,0,0.0,31.0
gspaytables,gs 11 i,1,0,0.0,10.0
gspaytables,gs 11 pay,8,0,0.0,9.8
gspaytables,gs 11 pay scale,7,0,0.0,19.6
gspaytables,gs 11 pay scale 2023,1,0,0.0,16.0
gspaytables,gs 11 pay scale 2025,2,0,0.0,32.5
gspaytables,gs 11 pay scale 2026 colorado springs,2,0,0.0,11.0
gspaytables,gs 11 pay scale 2026 hawaii,3,0,0.0,9.0
gspaytables,gs 11 pay scale 2026 nyc,1,0,0.0,10.0
gspaytables,gs 11 pay scale dc,1,0,0.0,51.0
gspaytables,gs 11 payscale,3,0,0.0,17.7
gspaytables,gs 11 salary,4,0,0.0,14.8
gspaytables,gs 11 salary dc,1,0,0.0,32.0
gspaytables,gs 11 san diego,1,0,0.0,22.0
gspaytables,gs 11 step 10,1,0,0.0,10.0
gspaytables,gs 11 step 5 pay scale 2026,3,0,0.0,25.0
gspaytables,gs 11 step 8,1,0,0.0,7.0
gspaytables,gs 11 to gs 12,1,0,0.0,5.0
gspaytables,gs 11 vs gs 12 pay scale,1,0,0.0,52.0
gspaytables,gs 11/12 pay scale,1,0,0.0,21.0
gspaytables,gs 1102 pay scale,1,0,0.0,24.0
gspaytables,gs 12,8,0,0.0,25.4
gspaytables,gs 12 12,1,0,0.0,23.0
gspaytables,gs 12 13,1,0,0.0,28.0
gspaytables,gs 12 chicago,1,0,0.0,18.0
gspaytables,gs 12 dc,1,0,0.0,22.0
gspaytables,gs 12 dc pay,4,0,0.0,40.8
gspaytables,gs 12 dc pay scale,1,0,0.0,31.0
gspaytables,gs 12 level,1,0,0.0,27.0
gspaytables,gs 12 locality pay 2026,1,0,0.0,8.0
gspaytables,gs 12 los angeles,1,0,0.0,21.0
gspaytables,gs 12 pay,9,0,0.0,24.0
gspaytables,gs 12 pay dc,1,0,0.0,6.0
gspaytables,gs 12 pay range,1,0,0.0,29.0
gspaytables,gs 12 pay rate,1,0,0.0,28.0
gspaytables,gs 12 pay san antonio,1,0,0.0,17.0
gspaytables,gs 12 pay scale,9,0,0.0,18.3
gspaytables,gs 12 pay scale 2026,1,0,0.0,7.0
gspaytables,gs 12 pay scale 2026 hawaii,6,0,0.0,10.3
gspaytables,gs 12 pay scale 2026 huntsville al,4,0,0.0,10.0
gspaytables,gs 12 pay scale 2026 norfolk va,6,0,0.0,11.0
gspaytables,gs 12 pay scale 2026 with locality pay,1,0,0.0,8.0
gspaytables,gs 12 pay scale dc,2,0,0.0,22.5
gspaytables,gs 12 pay scale washington dc,1,0,0.0,32.0
gspaytables,gs 12 pay washington dc,1,0,0.0,52.0
gspaytables,gs 12 payscale,1,0,0.0,39.0
gspaytables,gs 12 philadelphia,2,0,0.0,15.0
gspaytables,gs 12 salary,3,0,0.0,13.7
gspaytables,gs 12 salary dc,1,0,0.0,52.0
gspaytables,gs 12 salary range,2,0,0.0,14.0
gspaytables,gs 12 san antonio,3,0,0.0,12.7
gspaytables,gs 12 seattle,1,0,0.0,11.0
gspaytables,gs 12 step 1,3,0,0.0,21.7
gspaytables,gs 12 step 1 washington dc,1,0,0.0,11.0
gspaytables,gs 12 step 10 washington dc,1,0,0.0,27.0
gspaytables,gs 12 step 2,1,0,0.0,14.0
gspaytables,gs 12 step 3,1,0,0.0,24.0
gspaytables,gs 12 step 5 pay,1,0,0.0,18.0
gspaytables,gs 12 step 9,1,0,0.0,35.0
gspaytables,gs 12-12,2,0,0.0,26.5
gspaytables,gs 13,7,0,0.0,26.0
gspaytables,gs 13 dc,1,0,0.0,30.0
gspaytables,gs 13 dc pay,2,0,0.0,34.5
gspaytables,gs 13 dc pay scale,1,0,0.0,27.0
gspaytables,gs 13 dc pay scale 2026,1,0,0.0,41.0
gspaytables,gs 13 los angeles,1,0,0.0,20.0
gspaytables,gs 13 pay,6,0,0.0,18.0
gspaytables,gs 13 pay dc,1,0,0.0,28.0
gspaytables,gs 13 pay hawaii,1,0,0.0,25.0
gspaytables,gs 13 pay rate,1,0,0.0,26.0
gspaytables,gs 13 pay san antonio,1,0,0.0,16.0
gspaytables,gs 13 pay scale,6,0,0.0,19.0
gspaytables,gs 13 pay scale 2025 dc,1,0,0.0,32.0
gspaytables,gs 13 pay scale dc,1,0,0.0,30.0
gspaytables,gs 13 pay scale san francisco,2,0,0.0,15.0
gspaytables,gs 13 pay scale washington dc,1,0,0.0,29.0
gspaytables,gs 13 pay washington dc,1,0,0.0,37.0
gspaytables,gs 13 payscale,1,0,0.0,11.0
gspaytables,gs 13 salary,5,0,0.0,23.2
gspaytables,gs 13 salary dc,1,0,0.0,31.0
gspaytables,gs 13 san diego,1,0,0.0,23.0
gspaytables,gs 13 step 10,1,0,0.0,1.0
gspaytables,gs 13 step 10 salary washington dc,1,0,0.0,11.0
gspaytables,gs 13 step 3 dc,1,0,0.0,35.0
gspaytables,gs 13 step 4 dc,1,0,0.0,32.0
gspaytables,gs 13 step 4 washington dc,1,0,0.0,33.0
gspaytables,gs 13 step 7 washington dc,1,0,0.0,30.0
gspaytables,gs 13 vs gs 14,1,0,0.0,11.0
gspaytables,gs 13-14,1,0,0.0,10.0
gspaytables,gs 13/14,2,0,0.0,9.0
gspaytables,gs 14,23,0,0.0,36.7
gspaytables,gs 14 dc,2,0,0.0,27.5
gspaytables,gs 14 dc pay,2,0,0.0,30.5
gspaytables,gs 14 dc salary,1,0,0.0,55.0
gspaytables,gs 14 hawaii pay scale,1,0,0.0,10.0
gspaytables,gs 14 pay,3,0,0.0,46.7
gspaytables,gs 14 pay chart,2,0,0.0,26.5
gspaytables,gs 14 pay dc,1,0,0.0,33.0
gspaytables,gs 14 pay scale,7,0,0.0,11.9
gspaytables,gs 14 pay scale 2025 dc,2,0,0.0,35.0
gspaytables,gs 14 pay scale 2026,1,0,0.0,7.0
gspaytables,gs 14 pay scale 2026 dc,1,0,0.0,27.0
gspaytables,gs 14 pay scale 2026 hawaii,2,0,0.0,10.5
gspaytables,gs 14 pay scale dc,3,0,0.0,26.0
gspaytables,gs 14 pay scale washington dc,1,0,0.0,28.0
gspaytables,gs 14 salary,9,0,0.0,14.2
gspaytables,gs 14 salary washington dc,1,0,0.0,25.0
gspaytables,gs 14 step 10 salary,1,0,0.0,27.0
gspaytables,gs 14 step 2,1,0,0.0,20.0
gspaytables,gs 14 step 2 washington dc,1,0,0.0,53.0
gspaytables,gs 14 step 7 washington dc,1,0,0.0,29.0
gspaytables,gs 14 washington dc,2,0,0.0,48.5
gspaytables,gs 15,8,0,0.0,23.2
gspaytables,gs 15 dc,2,0,0.0,37.0
gspaytables,gs 15 dc pay scale,1,0,0.0,29.0
gspaytables,gs 15 government pay scale,1,0,0.0,14.0
gspaytables,gs 15 level,1,0,0.0,32.0
gspaytables,gs 15 pay,7,0,0.0,17.3
gspaytables,gs 15 pay dc,1,0,0.0,32.0
gspaytables,gs 15 pay scale,3,0,0.0,26.7
gspaytables,gs 15 pay scale 2026,7,0,0.0,11.7
gspaytables,gs 15 pay scale 2026 dc,2,0,0.0,17.5
gspaytables,gs 15 pay scale 2026 hawaii,1,0,0.0,11.0
gspaytables,gs 15 pay scale dc,4,0,0.0,32.5
gspaytables,gs 15 salary,5,0,0.0,9.6
gspaytables,gs 15 salary range,1,0,0.0,11.0
gspaytables,gs 15 salary washington dc,1,0,0.0,30.0
gspaytables,gs 15 step 10 dc,1,0,0.0,27.0
gspaytables,gs 15 step 10 salary washington dc,5,0,0.0,10.6
gspaytables,gs 15 step 10 washington dc,2,0,0.0,25.5
gspaytables,gs 15 step 4 washington dc,1,0,0.0,10.0
gspaytables,gs 15 step 5 washington dc,1,0,0.0,11.0
gspaytables,gs 16 salary,1,0,0.0,17.0
gspaytables,gs 2024 pay scale,10,0,0.0,27.1
gspaytables,gs 3 pay,3,0,0.0,20.3
gspaytables,gs 4,1,0,0.0,74.0
gspaytables,gs 4 pay,3,0,0.0,14.0
gspaytables,gs 4 pay scale,3,0,0.0,26.7
gspaytables,gs 4 salary,2,0,0.0,15.0
gspaytables,gs 5 pay,2,0,0.0,16.0
gspaytables,gs 5 pay scale,6,0,0.0,18.8
gspaytables,gs 5 pay scale 2026,3,0,0.0,9.7
gspaytables,gs 5 salary,2,0,0.0,20.5
gspaytables,gs 5 step 1,1,0,0.0,6.0
gspaytables,gs 5 step 10,1,0,0.0,23.0
gspaytables,gs 5-2,1,0,0.0,25.0
gspaytables,gs 5-7 pay scale,2,0,0.0,56.0
gspaytables,gs 6,2,0,0.0,22.0
gspaytables,gs 6 pay,7,0,0.0,13.9
gspaytables,gs 6 pay scale,1,0,0.0,24.0
gspaytables,gs 6 pay scale 2026,1,0,0.0,9.0
gspaytables,gs 6 salary,1,0,0.0,23.0
gspaytables,gs 6 step 10,1,0,0.0,3.0
gspaytables,gs 7,4,0,0.0,20.5
gspaytables,gs 7 pay,5,0,0.0,13.6
gspaytables,gs 7 pay chart,1,0,0.0,7.0
gspaytables,gs 7 pay range,1,0,0.0,33.0
gspaytables,gs 7 pay scale,3,0,0.0,24.3
gspaytables,gs 7 pay scale dc,2,0,0.0,29.5
gspaytables,gs 7 payscale,1,0,0.0,37.0
gspaytables,gs 7 salary,3,0,0.0,17.7
gspaytables,gs 7 step 10 salary,1,0,0.0,31.0
gspaytables,gs 7-11 pay scale,1,0,0.0,51.0
gspaytables,gs 8,8,0,0.0,16.2
gspaytables,gs 8 pay,2,0,0.0,8.0
gspaytables,gs 8 pay scale,2,0,0.0,26.0
gspaytables,gs 8 pay scale 2025,2,0,0.0,19.0
gspaytables,gs 9,2,0,0.0,23.0
gspaytables,gs 9 government pay scale,1,0,0.0,14.0
gspaytables,gs 9 pay,1,0,0.0,21.0
gspaytables,gs 9 pay scale 2026,1,0,0.0,11.0
gspaytables,gs 9 pay scale 2026 hawaii,5,0,0.0,10.0
gspaytables,gs 9 pay scale 2026 nyc,1,0,0.0,11.0
gspaytables,gs 9 salary,2,0,0.0,20.0
gspaytables,gs 9 tacoma salary,5,0,0.0,10.6
gspaytables,gs calc,1,0,0.0,37.0
gspaytables,gs calculator,9,0,0.0,34.6
gspaytables,gs dc,2,0,0.0,20.5
gspaytables,gs dc pay scale 2025,2,0,0.0,40.5
gspaytables,gs dc pay scale 2026,2,0,0.0,46.5
gspaytables,gs denver pay scale,4,0,0.0,19.5
gspaytables,gs general schedule,2,0,0.0,27.0
gspaytables,gs government pay scale,2,0,0.0,22.0
gspaytables,gs grades 2026,1,0,0.0,9.0
gspaytables,gs hawaii,1,0,0.0,33.0
gspaytables,gs hawaii pay scale 2026,1,0,0.0,10.0
gspaytables,gs hourly pay scale,1,0,0.0,29.0
gspaytables,gs it pay scale,1,0,0.0,29.0
gspaytables,gs jobs pay scale,1,0,0.0,22.0
gspaytables,gs level pay scale,3,0,0.0,50.7
gspaytables,gs level pay scale 2025,1,0,0.0,30.0
gspaytables,gs level salary,1,0,0.0,51.0
gspaytables,gs levels pay scale,1,0,0.0,42.0
gspaytables,gs locality pay 2024,2,0,0.0,27.0
gspaytables,gs locality pay houston,2,0,0.0,26.5
gspaytables,gs los angeles,1,0,0.0,27.0
gspaytables,gs ny,2,0,0.0,26.5
gspaytables,gs oay scale,1,0,0.0,32.0
gspaytables,gs opm pay,1,0,0.0,35.0
gspaytables,gs opm pay scale,1,0,0.0,32.0
gspaytables,gs pay,2,0,0.0,21.0
gspaytables,gs pay 2024,1,0,0.0,38.0
gspaytables,gs pay 2027,1,0,0.0,2.0
gspaytables,gs pay atlanta,1,0,0.0,26.0
gspaytables,gs pay by zip,3,0,0.0,40.0
gspaytables,gs pay calculator,35,0,0.0,35.2
gspaytables,gs pay chart,11,0,0.0,26.2
gspaytables,gs pay chart 2024,2,0,0.0,33.0
gspaytables,gs pay chart 2026,1,0,0.0,25.0
gspaytables,gs pay charts,2,0,0.0,27.0
gspaytables,gs pay colorado springs,1,0,0.0,11.0
gspaytables,gs pay dc,2,0,0.0,14.0
gspaytables,gs pay denver,2,0,0.0,16.5
gspaytables,gs pay grade,2,0,0.0,42.5
gspaytables,gs pay hawaii,1,0,0.0,22.0
gspaytables,gs pay hawaii 2026,1,0,0.0,11.0
gspaytables,gs pay map,3,0,0.0,21.3
gspaytables,gs pay nyc,1,0,0.0,20.0
gspaytables,gs pay raise,1,0,0.0,13.0
gspaytables,gs pay rate,1,0,0.0,36.0
gspaytables,gs pay rates,4,0,0.0,31.2
gspaytables,gs pay scale,19,0,0.0,34.8
gspaytables,gs pay scale 12,1,0,0.0,34.0
gspaytables,gs pay scale 13,2,0,0.0,35.5
gspaytables,gs pay scale 2023 dc,1,0,0.0,49.0
gspaytables,gs pay scale 2023 washington dc,1,0,0.0,43.0
gspaytables,gs pay scale 2024,6,0,0.0,43.0
gspaytables,gs pay scale 2024 dc,1,0,0.0,29.0
gspaytables,gs pay scale 2024 with locality,2,0,0.0,31.0
gspaytables,gs pay scale 2025,6,0,0.0,49.7
gspaytables,gs pay scale 2025 atlanta,1,0,0.0,38.0
gspaytables,gs pay scale 2025 cleveland,1,0,0.0,44.0
gspaytables,gs pay scale 2025 dc,4,0,0.0,54.5
gspaytables,gs pay scale 2025 hawaii,3,0,0.0,36.7
gspaytables,gs pay scale 2025 houston,1,0,0.0,40.0
gspaytables,gs pay scale 2025 nyc,2,0,0.0,38.0
gspaytables,gs pay scale 2025 philadelphia,1,0,0.0,31.0
gspaytables,gs pay scale 2025 san antonio,1,0,0.0,26.0
gspaytables,gs pay scale 2025 san diego,3,0,0.0,53.7
gspaytables,gs pay scale 2025 seattle,2,0,0.0,35.0
gspaytables,gs pay scale 2025 washington dc,1,0,0.0,46.0
gspaytables,gs pay scale 2026,14,0,0.0,30.8
gspaytables,gs pay scale 2026 alaska,1,0,0.0,7.0
gspaytables,gs pay scale 2026 albany ny,3,0,0.0,9.7
gspaytables,gs pay scale 2026 arizona,2,0,0.0,11.0
gspaytables,gs pay scale 2026 atlanta,3,0,0.0,39.0
gspaytables,gs pay scale 2026 charleston sc,2,0,0.0,10.0
gspaytables,gs pay scale 2026 cleveland,1,0,0.0,11.0
gspaytables,gs pay scale 2026 colorado springs,1,0,0.0,11.0
gspaytables,gs pay scale 2026 columbia sc,3,0,0.0,7.7
gspaytables,gs pay scale 2026 dallas,2,0,0.0,41.5
gspaytables,gs pay scale 2026 dc,10,0,0.0,14.4
gspaytables,gs pay scale 2026 dc with locality pay,2,0,0.0,55.0
gspaytables,gs pay scale 2026 denver,1,0,0.0,10.0
gspaytables,gs pay scale 2026 harrisburg pa,1,0,0.0,11.0
gspaytables,gs pay scale 2026 hawaii,7,0,0.0,15.1
gspaytables,gs pay scale 2026 houston,1,0,0.0,27.0
gspaytables,gs pay scale 2026 huntsville al,1,0,0.0,11.0
gspaytables,gs pay scale 2026 indianapolis,11,0,0.0,10.2
gspaytables,gs pay scale 2026 kansas city,2,0,0.0,22.0
gspaytables,gs pay scale 2026 laredo tx,1,0,0.0,11.0
gspaytables,gs pay scale 2026 los angeles,5,0,0.0,48.2
gspaytables,gs pay scale 2026 louisville ky,4,0,0.0,7.8
gspaytables,gs pay scale 2026 milwaukee,1,0,0.0,11.0
gspaytables,gs pay scale 2026 norfolk va,2,0,0.0,13.0
gspaytables,gs pay scale 2026 nyc,3,0,0.0,46.7
gspaytables,gs pay scale 2026 palm bay,4,0,0.0,10.8
gspaytables,gs pay scale 2026 philadelphia,1,0,0.0,22.0
gspaytables,gs pay scale 2026 richmond va,5,0,0.0,9.8
gspaytables,gs pay scale 2026 sacramento,1,0,0.0,28.0
gspaytables,gs pay scale 2026 san antonio,1,0,0.0,10.0
gspaytables,gs pay scale 2026 san diego,5,0,0.0,45.8
gspaytables,gs pay scale 2026 seattle,2,0,0.0,24.0
gspaytables,gs pay scale 2026 south carolina,7,0,0.0,6.1
gspaytables,gs pay scale 2026 titusville fl,2,0,0.0,11.0
gspaytables,gs pay scale 2026 virginia beach,33,0,0.0,11.3
gspaytables,gs pay scale 2026 with locality,2,0,0.0,44.0
gspaytables,gs pay scale 2026 with locality calculator,2,0,0.0,11.5
gspaytables,gs pay scale 2026 without locality,1,0,0.0,38.0
gspaytables,gs pay scale 2027,2,0,0.0,42.5
gspaytables,gs pay scale alaska,3,0,0.0,25.3
gspaytables,gs pay scale albuquerque 2026,3,0,0.0,16.7
gspaytables,gs pay scale atlanta,4,0,0.0,25.2
gspaytables,gs pay scale atlanta 2025,1,0,0.0,53.0
gspaytables,gs pay scale atlanta 2026,1,0,0.0,47.0
gspaytables,gs pay scale boston,3,0,0.0,21.7
gspaytables,gs pay scale buffalo ny 2026,3,0,0.0,10.0
gspaytables,gs pay scale calculator,4,0,0.0,46.2
gspaytables,gs pay scale chicago,1,0,0.0,24.0
gspaytables,gs pay scale cleveland ohio,1,0,0.0,10.0
gspaytables,gs pay scale colorado springs,2,0,0.0,15.5
gspaytables,gs pay scale dallas,1,0,0.0,26.0
gspaytables,gs pay scale dayton,1,0,0.0,19.0
gspaytables,gs pay scale dc,4,0,0.0,43.0
gspaytables,gs pay scale dc 2022,1,0,0.0,44.0
gspaytables,gs pay scale dc 2024,1,0,0.0,51.0
gspaytables,gs pay scale dc 2025,1,0,0.0,48.0
gspaytables,gs pay scale denver,4,0,0.0,27.5
gspaytables,gs pay scale denver 2026,2,0,0.0,37.0
gspaytables,gs pay scale detroit,3,0,0.0,24.3
gspaytables,gs pay scale explained,2,0,0.0,67.5
gspaytables,gs pay scale florida,2,0,0.0,16.0
gspaytables,gs pay scale for 2026,1,0,0.0,44.0
gspaytables,gs pay scale fresno,1,0,0.0,9.0
gspaytables,gs pay scale government,1,0,0.0,39.0
gspaytables,gs pay scale harrisburg pa 2026,1,0,0.0,37.0
gspaytables,gs pay scale hawaii,5,0,0.0,15.2
gspaytables,gs pay scale hawaii 2026,1,0,0.0,11.0
gspaytables,gs pay scale huntsville al,2,0,0.0,26.0
gspaytables,gs pay scale huntsville al 2026,2,0,0.0,40.5
gspaytables,gs pay scale in washington dc,3,0,0.0,52.3
gspaytables,gs pay scale indianapolis 2026,4,0,0.0,10.0
gspaytables,gs pay scale kansas city,1,0,0.0,25.0
gspaytables,gs pay scale las vegas,1,0,0.0,49.0
gspaytables,gs pay scale locality pay,3,0,0.0,35.0
gspaytables,gs pay scale los angeles,3,0,0.0,28.7
gspaytables,gs pay scale maryland,1,0,0.0,33.0
gspaytables,gs pay scale miami,1,0,0.0,27.0
gspaytables,gs pay scale miami 2026,1,0,0.0,45.0
gspaytables,gs pay scale michigan,1,0,0.0,8.0
gspaytables,gs pay scale new york,1,0,0.0,25.0
gspaytables,gs pay scale nj,1,0,0.0,26.0
gspaytables,gs pay scale norfolk va,1,0,0.0,18.0
gspaytables,gs pay scale ny,1,0,0.0,25.0
gspaytables,gs pay scale nyc,1,0,0.0,29.0
gspaytables,gs pay scale nyc 2025,4,0,0.0,47.5
gspaytables,gs pay scale nyc 2026,4,0,0.0,28.5
gspaytables,gs pay scale oklahoma,4,0,0.0,5.0
gspaytables,gs pay scale oklahoma 2026,4,0,0.0,5.0
gspaytables,gs pay scale omaha,1,0,0.0,25.0
gspaytables,gs pay scale opm,1,0,0.0,36.0
gspaytables,gs pay scale oregon,4,0,0.0,7.5
gspaytables,gs pay scale palm bay 2026,3,0,0.0,11.0
gspaytables,gs pay scale per hour,1,0,0.0,39.0
gspaytables,gs pay scale philadelphia,1,0,0.0,23.0
gspaytables,gs pay scale philadelphia 2026,1,0,0.0,32.0
gspaytables,gs pay scale phoenix 2026,2,0,0.0,43.0
gspaytables,gs pay scale portland,3,0,0.0,22.0
gspaytables,gs pay scale raleigh,6,0,0.0,9.5
gspaytables,gs pay scale raleigh 2026,3,0,0.0,10.7
gspaytables,gs pay scale raleigh nc,2,0,0.0,9.5
gspaytables,gs pay scale rest of us,2,0,0.0,45.0
gspaytables,gs pay scale richmond,3,0,0.0,9.7
gspaytables,gs pay scale richmond 2026,1,0,0.0,9.0
gspaytables,gs pay scale richmond va,8,0,0.0,10.2
gspaytables,gs pay scale san antonio,1,0,0.0,19.0
gspaytables,gs pay scale san antonio 2026,1,0,0.0,17.0
gspaytables,gs pay scale san diego,4,0,0.0,24.0
gspaytables,gs pay scale seattle 2026,2,0,0.0,43.0
gspaytables,gs pay scale seattle hourly 2026,1,0,0.0,11.0
gspaytables,gs pay scale south carolina,1,0,0.0,9.0
gspaytables,gs pay scale step,1,0,0.0,51.0
gspaytables,gs pay scale step increase timeline,2,0,0.0,67.5
gspaytables,gs pay scale table,1,0,0.0,55.0
gspaytables,gs pay scale tampa fl,1,0,0.0,32.0
gspaytables,gs pay scale texas,2,0,0.0,39.5
gspaytables,gs pay scale titusville,6,0,0.0,10.3
gspaytables,gs pay scale titusville 2026,3,0,0.0,10.0
gspaytables,gs pay scale virginia,2,0,0.0,30.5
gspaytables,gs pay scale virginia beach,2,0,0.0,29.0
gspaytables,gs pay scale washington state,1,0,0.0,38.0
gspaytables,gs pay scales 2025,1,0,0.0,31.0
gspaytables,gs pay schedule,6,0,0.0,17.8
gspaytables,gs pay schedule washington dc,2,0,0.0,30.5
gspaytables,gs pay schedules,1,0,0.0,24.0
gspaytables,gs pay seattle,2,0,0.0,10.0
gspaytables,gs pay system,1,0,0.0,50.0
gspaytables,gs pay table,4,0,0.0,32.5
gspaytables,gs pay table dc,1,0,0.0,8.0
gspaytables,gs pay table washington dc,44,0,0.0,32.1
gspaytables,gs pay tables,4,0,0.0,23.8
gspaytables,gs pay tables 2025,1,0,0.0,29.0
gspaytables,gs pay tables 2026,2,0,0.0,6.5
gspaytables,gs payscale 2024,2,0,0.0,41.0
gspaytables,gs payscale 2026,1,0,0.0,40.0
gspaytables,gs payscale 2026 dc,2,0,0.0,61.0
gspaytables,gs payscale 2026 san diego,1,0,0.0,46.0
gspaytables,gs payscale 2026 seattle,1,0,0.0,38.0
gspaytables,gs payscale atlanta,1,0,0.0,27.0
gspaytables,gs payscale boston,3,0,0.0,20.7
gspaytables,gs payscale boston 2026,1,0,0.0,23.0
gspaytables,gs payscale chicago,3,0,0.0,28.0
gspaytables,gs payscale colorado springs,3,0,0.0,22.0
gspaytables,gs payscale dallas,1,0,0.0,32.0
gspaytables,gs payscale dayton ohio,2,0,0.0,18.5
gspaytables,gs payscale dc 2026,2,0,0.0,37.5
gspaytables,gs payscale denver,1,0,0.0,19.0
gspaytables,gs payscale hawaii,1,0,0.0,15.0
gspaytables,gs payscale hawaii 2026,2,0,0.0,10.5
gspaytables,gs payscale houston,1,0,0.0,15.0
gspaytables,gs payscale huntsville al,2,0,0.0,13.0
gspaytables,gs payscale los angeles,4,0,0.0,24.8
gspaytables,gs payscale oklahoma,1,0,0.0,8.0
gspaytables,gs payscale palm bay,1,0,0.0,11.0
gspaytables,gs payscale philadelphia,1,0,0.0,16.0
gspaytables,gs payscale philadelphia 2026,1,0,0.0,22.0
gspaytables,gs payscale rest of us,2,0,0.0,27.0
gspaytables,gs payscale richmond va,3,0,0.0,10.0
gspaytables,gs payscale seattle,6,0,0.0,12.2
gspaytables,gs payscale seattle 2026,2,0,0.0,11.0
gspaytables,gs payscale with locality,1,0,0.0,42.0
gspaytables,gs paytable,1,0,0.0,40.0
gspaytables,gs paytables,1,0,0.0,95.0
gspaytables,gs philadelphia,3,0,0.0,10.3
gspaytables,gs promotion,2,0,0.0,19.0
gspaytables,gs promotion step rule,1,0,0.0,9.0
gspaytables,gs promotion timeline,1,0,0.0,41.0
gspaytables,gs rest of us,1,0,0.0,4.0
gspaytables,gs salaries,2,0,0.0,29.5
gspaytables,gs salary,1,0,0.0,33.0
gspaytables,gs salary calculator,31,0,0.0,35.7
gspaytables,gs salary chart,1,0,0.0,23.0
gspaytables,gs salary dc,4,0,0.0,31.8
gspaytables,gs salary pay scale,2,0,0.0,30.0
gspaytables,gs salary rates,8,0,0.0,36.2
gspaytables,gs salary scale,2,0,0.0,19.5
gspaytables,gs salary scale washington dc,1,0,0.0,29.0
gspaytables,gs salary table,11,0,0.0,34.4
gspaytables,gs salary tables,2,0,0.0,40.0
gspaytables,gs scale,8,0,0.0,37.8
gspaytables,gs scale 2025,1,0,0.0,35.0
gspaytables,gs scale 2026 dc,4,0,0.0,54.2
gspaytables,gs scale atlanta 2026,1,0,0.0,10.0
gspaytables,gs scale boston,3,0,0.0,25.7
gspaytables,gs scale buffalo,9,0,0.0,8.9
gspaytables,gs scale chicago,1,0,0.0,24.0
gspaytables,gs scale cleveland,2,0,0.0,11.0
gspaytables,gs scale dallas,6,0,0.0,9.8
gspaytables,gs scale dc 2024,1,0,0.0,55.0
gspaytables,gs scale dc 2025,2,0,0.0,62.5
gspaytables,gs scale dc 2026,1,0,0.0,60.0
gspaytables,gs scale florida,1,0,0.0,8.0
gspaytables,gs scale houston,1,0,0.0,16.0
gspaytables,gs scale huntsville,1,0,0.0,9.0
gspaytables,gs scale huntsville al,3,0,0.0,16.0
gspaytables,gs scale indianapolis,1,0,0.0,22.0
gspaytables,gs scale los angeles,4,0,0.0,28.8
gspaytables,gs scale maryland,1,0,0.0,10.0
gspaytables,gs scale new york,1,0,0.0,20.0
gspaytables,gs scale norfolk,4,0,0.0,9.2
gspaytables,gs scale nyc 2026,1,0,0.0,35.0
gspaytables,gs scale palm bay,7,0,0.0,10.4
gspaytables,gs scale pay,1,0,0.0,35.0
gspaytables,gs scale pittsburgh,2,0,0.0,10.5
gspaytables,gs scale portland,1,0,0.0,11.0
gspaytables,gs scale richmond va,4,0,0.0,8.8
gspaytables,gs scale salary,3,0,0.0,38.0
gspaytables,gs scale titusville,4,0,0.0,10.2
gspaytables,gs scale virginia,1,0,0.0,11.0
gspaytables,gs scale virginia beach,2,0,0.0,11.0
gspaytables,gs scale washington dc,1,0,0.0,38.0
gspaytables,gs schedule dc,2,0,0.0,32.5
gspaytables,gs schedule hawaii,1,0,0.0,10.0
gspaytables,gs schedule pay,1,0,0.0,32.0
gspaytables,gs schedule pay scale,5,0,0.0,21.2
gspaytables,gs schedule washington dc,1,0,0.0,24.0
gspaytables,gs seattle,1,0,0.0,22.0
gspaytables,gs seattle pay scale,1,0,0.0,10.0
gspaytables,gs step increase timeline,1,0,0.0,55.0
gspaytables,gs step increases,1,0,0.0,58.0
gspaytables,gs step increases timeline,1,0,0.0,53.0
gspaytables,gs step promotions,1,0,0.0,62.0
gspaytables,gs table,2,0,0.0,18.0
gspaytables,gs tables,2,0,0.0,26.0
gspaytables,gs texas,1,0,0.0,15.0
gspaytables,gs vs nh pay scale,1,0,0.0,41.0
gspaytables,gs wa,2,0,0.0,20.5
gspaytables,gs wage,3,0,0.0,24.3
gspaytables,gs wage calculator,1,0,0.0,35.0
gspaytables,gs wage rates,2,0,0.0,37.5
gspaytables,gs wage scale,1,0,0.0,27.0
gspaytables,gs wage schedule,2,0,0.0,28.0
gspaytables,gs wage table,6,0,0.0,32.5
gspaytables,gs washington dc pay scale,1,0,0.0,40.0
gspaytables,gs-04 pay,1,0,0.0,19.0
gspaytables,gs-05,2,0,0.0,36.5
gspaytables,gs-05 pay scale,1,0,0.0,30.0
gspaytables,gs-06 pay,1,0,0.0,19.0
gspaytables,gs-07 pay,3,0,0.0,25.7
gspaytables,gs-08,11,0,0.0,10.6
gspaytables,gs-09,2,0,0.0,25.5
gspaytables,gs-09 pay scale,1,0,0.0,11.0
gspaytables,gs-10,3,0,0.0,12.3
gspaytables,gs-10 pay,3,0,0.0,9.3
gspaytables,gs-10 pay scale,3,0,0.0,11.0
gspaytables,gs-11,8,0,0.0,26.0
gspaytables,gs-11 equivalent,1,0,0.0,42.0
gspaytables,gs-11 pay,5,0,0.0,12.6
gspaytables,gs-11 pay scale,9,0,0.0,19.4
gspaytables,gs-11 pay scale 2026,2,0,0.0,23.0
gspaytables,gs-11 salary,3,0,0.0,14.7
gspaytables,gs-11 salary dc,2,0,0.0,43.5
gspaytables,gs-12,3,0,0.0,24.7
gspaytables,gs-12 pay,3,0,0.0,33.0
gspaytables,gs-12 pay scale,2,0,0.0,9.5
gspaytables,gs-12 pay scale 2026,1,0,0.0,7.0
gspaytables,gs-12 pay scale 2026 hawaii,1,0,0.0,10.0
gspaytables,gs-12 payscale,1,0,0.0,27.0
gspaytables,gs-12 salary,2,0,0.0,26.5
gspaytables,gs-12 step 1,1,0,0.0,21.0
gspaytables,gs-12 step 3,1,0,0.0,22.0
gspaytables,gs-13,10,0,0.0,24.0
gspaytables,gs-13 dc,1,0,0.0,31.0
gspaytables,gs-13 level,1,0,0.0,50.0
gspaytables,gs-13 pay,1,0,0.0,27.0
gspaytables,gs-13 pay dc,1,0,0.0,27.0
gspaytables,gs-13 pay scale 2026,1,0,0.0,9.0
gspaytables,gs-13 pay scale dc,1,0,0.0,28.0
gspaytables,gs-13 salary,4,0,0.0,13.8
gspaytables,gs-13 salary dc,1,0,0.0,29.0
gspaytables,gs-13 step 4,1,0,0.0,51.0
gspaytables,gs-14,12,0,0.0,31.9
gspaytables,gs-14 dc,1,0,0.0,25.0
gspaytables,gs-14 pay,3,0,0.0,14.0
gspaytables,gs-14 pay scale,5,0,0.0,17.6
gspaytables,gs-14 pay scale 2026,4,0,0.0,8.2
gspaytables,gs-14 pay scale dc,1,0,0.0,27.0
gspaytables,gs-14 salary,9,0,0.0,13.3
gspaytables,gs-15,3,0,0.0,24.3
gspaytables,gs-15 dc,1,0,0.0,43.0
gspaytables,gs-15 pay,1,0,0.0,7.0
gspaytables,gs-15 pay scale,3,0,0.0,17.3
gspaytables,gs-15 pay scale 2026,8,0,0.0,10.1
gspaytables,gs-15 salary,2,0,0.0,20.0
gspaytables,gs-15 salary range,1,0,0.0,11.0
gspaytables,gs-16 pay scale 2026,1,0,0.0,11.0
gspaytables,gs-3,1,0,0.0,28.0
gspaytables,gs-4,1,0,0.0,68.0
gspaytables,gs-4 pay,6,0,0.0,12.2
gspaytables,gs-4 pay scale,1,0,0.0,28.0
gspaytables,gs-4 salary,2,0,0.0,14.5
gspaytables,gs-5,2,0,0.0,24.0
gspaytables,gs-5 pay,4,0,0.0,6.0
gspaytables,gs-5 pay scale,2,0,0.0,10.5
gspaytables,gs-5 pay scale 2026,1,0,0.0,6.0
gspaytables,gs-5 salary,1,0,0.0,19.0
gspaytables,gs-6,9,0,0.0,16.7
gspaytables,gs-6 pay,3,0,0.0,11.7
gspaytables,gs-7,3,0,0.0,25.0
gspaytables,gs-7 pay,5,0,0.0,12.4
gspaytables,gs-7 pay scale,1,0,0.0,25.0
gspaytables,gs-7 payscale,1,0,0.0,33.0
gspaytables,gs-8,4,0,0.0,18.2
gspaytables,gs-8 pay,3,0,0.0,9.7
gspaytables,gs-8 salary,1,0,0.0,7.0
gspaytables,gs-9,1,0,0.0,27.0
gspaytables,gs04 pay,2,0,0.0,26.0
gspaytables,gs07 salary,1,0,0.0,33.0
gspaytables,gs1 pay,6,0,0.0,19.5
gspaytables,gs10 pay,22,0,0.0,8.9
gspaytables,gs10 pay scale,1,0,0.0,11.0
gspaytables,gs10 salary,1,0,0.0,8.0
gspaytables,gs11,4,0,0.0,29.5
gspaytables,gs11 dc pay scale,1,0,0.0,51.0
gspaytables,gs11 pay,64,0,0.0,10.9
gspaytables,gs11 pay scale,2,0,0.0,10.5
gspaytables,gs11 pay scale dc,1,0,0.0,51.0
gspaytables,gs11 pay scale hawaii,7,0,0.0,9.1
gspaytables,gs11 payscale,2,0,0.0,23.0
gspaytables,gs11 salary,3,0,0.0,10.3
gspaytables,gs11 san antonio,2,0,0.0,17.0
gspaytables,gs11 step 1 pay,1,0,0.0,11.0
gspaytables,gs11 step 10,1,0,0.0,6.0
gspaytables,gs12,10,0,0.0,6.7
gspaytables,gs12 base pay,1,0,0.0,29.0
gspaytables,gs12 dc,1,0,0.0,40.0
gspaytables,gs12 dc pay,1,0,0.0,17.0
gspaytables,gs12 pay,4,0,0.0,33.8
gspaytables,gs12 pay chart,2,0,0.0,31.0
gspaytables,gs12 pay hawaii,2,0,0.0,10.0
gspaytables,gs12 pay scale,9,0,0.0,11.2
gspaytables,gs12 pay scale 2026,1,0,0.0,10.0
gspaytables,gs12 philadelphia,1,0,0.0,11.0
gspaytables,gs12 salary,4,0,0.0,14.2
gspaytables,gs12 san diego,1,0,0.0,8.0
gspaytables,gs12 san diego pay,1,0,0.0,11.0
gspaytables,gs12 seattle,4,0,0.0,10.5
gspaytables,gs12 step 2 pay,1,0,0.0,11.0
gspaytables,gs12 step 6,2,0,0.0,25.5
gspaytables,gs12 washington dc,4,0,0.0,32.8
gspaytables,gs13,5,0,0.0,12.8
gspaytables,gs13 chicago,1,0,0.0,9.0
gspaytables,gs13 pay dc,1,0,0.0,26.0
gspaytables,gs13 pay scale,2,0,0.0,11.0
gspaytables,gs13 pay scale hawaii,1,0,0.0,10.0
gspaytables,gs13 salary,2,0,0.0,26.0
gspaytables,gs13 san antonio,1,0,0.0,11.0
gspaytables,gs13 step 5,1,0,0.0,10.0
gspaytables,gs14,2,0,0.0,38.0
gspaytables,gs14 dc,1,0,0.0,24.0
gspaytables,gs14 dc pay,1,0,0.0,32.0
gspaytables,gs14 pay,3,0,0.0,24.3
gspaytables,gs14 pay scale,13,0,0.0,13.1
gspaytables,gs14 pay scale hawaii,2,0,0.0,10.0
gspaytables,gs14 philadelphia,1,0,0.0,10.0
gspaytables,gs14 salary,11,0,0.0,11.3
gspaytables,gs14 salary dc,4,0,0.0,40.2
gspaytables,gs14 salary washington dc,1,0,0.0,14.0
gspaytables,gs14 washington dc,2,0,0.0,23.5
gspaytables,gs15,3,0,0.0,28.3
gspaytables,gs15 dc,1,0,0.0,43.0
gspaytables,gs15 dc pay,2,0,0.0,10.0
gspaytables,gs15 in california bay area,1,0,0.0,11.0
gspaytables,gs15 pay,3,0,0.0,11.0
gspaytables,gs15 pay scale,3,0,0.0,21.3
gspaytables,gs15 pay scale 2026,2,0,0.0,6.5
gspaytables,gs15 pay scale washington dc,2,0,0.0,10.5
gspaytables,gs15 salary,1,0,0.0,27.0
gspaytables,gs15 salary range,1,0,0.0,7.0
gspaytables,gs3 pay,9,0,0.0,12.0
gspaytables,gs3 pay scale,2,0,0.0,35.5
gspaytables,gs3 salary,8,0,0.0,8.8
gspaytables,gs4 pay,6,0,0.0,11.8
gspaytables,gs4 pay scale,2,0,0.0,13.5
gspaytables,gs4 pay scale 2025,1,0,0.0,28.0
gspaytables,gs4 pay scale 2026,3,0,0.0,6.7
gspaytables,gs4 salary,1,0,0.0,26.0
gspaytables,gs5 pay,10,0,0.0,13.1
gspaytables,gs5 pay grade,2,0,0.0,10.0
gspaytables,gs5 pay rate,1,0,0.0,7.0
gspaytables,gs5 salary,2,0,0.0,26.0
gspaytables,gs5 step 1 pay,1,0,0.0,29.0
gspaytables,gs6 pay,3,0,0.0,15.3
gspaytables,gs6 salary,4,0,0.0,12.5
gspaytables,gs7,1,0,0.0,27.0
gspaytables,gs7 pay,1,0,0.0,19.0
gspaytables,gs7 pay scale,1,0,0.0,31.0
gspaytables,gs7 pay scale 2025,1,0,0.0,27.0
gspaytables,gs7 pay scale 2025 dc,1,0,0.0,33.0
gspaytables,gs7 pay scale 2026,1,0,0.0,10.0
gspaytables,gs7 payscale,1,0,0.0,22.0
gspaytables,gs7 salary range,1,0,0.0,10.0
gspaytables,gs7 washington dc,1,0,0.0,27.0
gspaytables,gs8 pay,4,0,0.0,11.2
gspaytables,gs8 pay scale,1,0,0.0,5.0
gspaytables,gs8 salary,5,0,0.0,6.6
gspaytables,gs9,2,0,0.0,64.0
gspaytables,gs9 pay,7,0,0.0,10.6
gspaytables,gs9 pay scale 2026,1,0,0.0,11.0
gspaytables,gs9 pay scale 2026 hawaii,10,0,0.0,10.7
gspaytables,gs9 salary,1,0,0.0,7.0
gspaytables,gsa grades,1,0,0.0,26.0
gspaytables,gsa pay rate,2,0,0.0,32.5
gspaytables,gsa pay scale,2,0,0.0,28.0
gspaytables,gsa pay scale dc,1,0,0.0,52.0
gspaytables,gsa pay tables,1,0,0.0,27.0
gspaytables,gsa payscale,1,0,0.0,37.0
gspaytables,gsa salary,1,0,0.0,31.0
gspaytables,gsa table,1,0,0.0,20.0
gspaytables,gsa wage scale,1,0,0.0,28.0
gspaytables,gsa wages,3,0,0.0,38.3
gspaytables,gsdpay,1,0,0.0,70.0
gspaytables,gspayscale,1,0,0.0,35.0
gspaytables,harrisburg gs pay scale 2026,2,0,0.0,9.5
gspaytables,harrisonburg · va,1,0,0.0,2.0
gspaytables,hawaii gs pay scale,2,0,0.0,25.5
gspaytables,hawaii gs pay scale 2025,1,0,0.0,50.0
gspaytables,hawaii gs pay scale 2026,4,0,0.0,9.2
gspaytables,hawaii locality pay,1,0,0.0,8.0
gspaytables,hawaii locality pay 2026,2,0,0.0,9.5
gspaytables,hawaii pay scale,1,0,0.0,36.0
gspaytables,hawaii salary schedule,2,0,0.0,26.0
gspaytables,hawaii state pay scale,1,0,0.0,41.0
gspaytables,hawaii state salaries,1,0,0.0,35.0
gspaytables,hawaii state salary,1,0,0.0,49.0
gspaytables,hawaii state salary schedule,1,0,0.0,24.0
gspaytables,hgea pay scale,2,0,0.0,19.0
gspaytables,houston gs pay scale,1,0,0.0,17.0
gspaytables,houston gs pay scale 2026,3,0,0.0,40.3
gspaytables,how does gs scale work,1,0,0.0,67.0
gspaytables,how does locality pay work,2,0,0.0,40.5
gspaytables,how many gs 14 in federal government,1,0,0.0,45.0
gspaytables,how many gs are in virginia,7,0,0.0,4.0
gspaytables,how many gs in virginia,5,0,0.0,4.0
gspaytables,how much does a gs 11 make,1,0,0.0,28.0
gspaytables,how much does a gs 11 make a year,1,0,0.0,39.0
gspaytables,how much does a gs 12 make,1,0,0.0,29.0
gspaytables,how much does a gs 13 make in dc,1,0,0.0,38.0
gspaytables,how much does a gs 14 make,1,0,0.0,32.0
gspaytables,how much does a gs 14 make a year,1,0,0.0,38.0
gspaytables,how much does a gs 14 make in dc,1,0,0.0,32.0
gspaytables,how much does a gs 15 make,1,0,0.0,29.0
gspaytables,how much does a gs 15 make in dc,1,0,0.0,9.0
gspaytables,how much does a gs 3 make,1,0,0.0,11.0
gspaytables,how much does a gs 4 make,1,0,0.0,32.0
gspaytables,how much does a gs 7 make,1,0,0.0,30.0
gspaytables,how much does a gs 9 make,1,0,0.0,28.0
gspaytables,how much does a gs-11 make,2,0,0.0,30.0
gspaytables,how much does a gs-12 make,1,0,0.0,27.0
gspaytables,how much does a gs-14 make,1,0,0.0,32.0
gspaytables,how much does a gs-15 make,1,0,0.0,30.0
gspaytables,how much does a gs-7 make,1,0,0.0,29.0
gspaytables,how much does a gs-9 make,1,0,0.0,27.0
gspaytables,how much does a gs10 make,2,0,0.0,9.0
gspaytables,how much does a gs12 make,1,0,0.0,34.0
gspaytables,how much does a gs13 make,1,0,0.0,27.0
gspaytables,how much does a gs14 make,1,0,0.0,38.0
gspaytables,how much does a gs15 make,1,0,0.0,30.0
gspaytables,how much does a gs4 make,1,0,0.0,8.0
gspaytables,how much does a gs5 make,1,0,0.0,28.0
gspaytables,how much does a gs6 make,6,0,0.0,15.5
gspaytables,how much does a gs7 make,3,0,0.0,30.0
gspaytables,how much does a gs9 make,1,0,0.0,33.0
gspaytables,how much does gs 12 make,1,0,0.0,26.0
gspaytables,how much does gs 13 make,2,0,0.0,31.0
gspaytables,how much does gs 14 make,1,0,0.0,34.0
gspaytables,how much does gs 15 make,1,0,0.0,29.0
gspaytables,how much does gs 5 make,1,0,0.0,37.0
gspaytables,how much does gs11 make,1,0,0.0,27.0
gspaytables,how much is a gs 9 salary,1,0,0.0,8.0
gspaytables,how much is grade 10 salary,1,0,0.0,36.0
gspaytables,how much is gs 7 pay,1,0,0.0,11.0
gspaytables,how much is gs5 pay,4,0,0.0,10.5
gspaytables,how much is salary grade 15,1,0,0.0,7.0
gspaytables,huntsville gs pay scale 2026,12,0,0.0,10.3
gspaytables,huntsville gs scale,2,0,0.0,10.0
gspaytables,indiana gs pay scale 2026,1,0,0.0,7.0
gspaytables,indianapolis gs pay scale 2026,3,0,0.0,14.0
gspaytables,kentucky pay grades,1,0,0.0,11.0
gspaytables,king county salary table 2026,1,0,0.0,36.0
gspaytables,ky state employee salary schedule,1,0,0.0,38.0
gspaytables,ky state pay grades,1,0,0.0,10.0
gspaytables,la gs,4,0,0.0,24.8
gspaytables,la gs pay scale,2,0,0.0,35.0
gspaytables,laredo fire department salary,1,0,0.0,48.0
gspaytables,laredo gs pay scale 2026,6,0,0.0,9.5
gspaytables,list them out,1,0,0.0,9.0
gspaytables,local government grades,3,0,0.0,51.7
gspaytables,local government pay bands,1,0,0.0,63.0
gspaytables,local government pay grades,1,0,0.0,56.0
gspaytables,local government pay rates,2,0,0.0,24.0
gspaytables,local government pay scale,1,0,0.0,29.0
gspaytables,local government pay scales,2,0,0.0,38.5
gspaytables,local government salary scales,2,0,0.0,79.5
gspaytables,locality pay,3,0,0.0,20.7
gspaytables,locality pay huntsville al,1,0,0.0,9.0
gspaytables,locality pay map,1,0,0.0,30.0
gspaytables,locality pay meaning,6,0,0.0,13.0
gspaytables,locality pay tables,3,0,0.0,20.7
gspaytables,locality pay washington dc,5,0,0.0,34.8
gspaytables,long beach salary schedule,2,0,0.0,32.0
gspaytables,look up,1,0,0.0,1.0
gspaytables,los angeles county pay scale,1,0,0.0,41.0
gspaytables,los angeles gs pay scale,4,0,0.0,40.8
gspaytables,maryland state pay scale,1,0,0.0,31.0
gspaytables,miami gs,2,0,0.0,11.0
gspaytables,michigan gs pay scale 2026,3,0,0.0,7.7
gspaytables,milwaukee gs pay scale 2026,4,0,0.0,13.5
gspaytables,minneapolis gs pay scale,1,0,0.0,27.0
gspaytables,montana gs pay scale 2026,1,0,0.0,11.0
gspaytables,msp pay scale,1,0,0.0,29.0
gspaytables,nasa gs pay scale 2026,1,0,0.0,56.0
gspaytables,nc gs pay scale 2026,1,0,0.0,8.0
gspaytables,new haven ct,1,0,0.0,11.0
gspaytables,new york gs pay scale,1,0,0.0,25.0
gspaytables,nh 03 pay scale,1,0,0.0,26.0
gspaytables,nh 04,1,0,0.0,27.0
gspaytables,nh 04 pay,1,0,0.0,21.0
gspaytables,nh 04 pay scale,1,0,0.0,21.0
gspaytables,nh 2 pay scale,1,0,0.0,28.0
gspaytables,nh 3 gs equivalent,1,0,0.0,21.0
gspaytables,nh 3 pay,1,0,0.0,20.0
gspaytables,nh 4 pay scale 2026,1,0,0.0,23.0
gspaytables,nh federal pay scale,2,0,0.0,12.5
gspaytables,nh government pay scale,1,0,0.0,8.0
gspaytables,nh iii pay scale,1,0,0.0,71.0
gspaytables,nh pay band 2026,1,0,0.0,11.0
gspaytables,nh pay bands 2026,2,0,0.0,9.5
gspaytables,nh pay scale,2,0,0.0,26.0
gspaytables,nh pay scale 2026,2,0,0.0,20.5
gspaytables,nh pay scale 2026 with locality pay,2,0,0.0,10.0
gspaytables,nh pay scale opm,1,0,0.0,25.0
gspaytables,nh pay scale vs gs,1,0,0.0,36.0
gspaytables,nh pay scale with locality,1,0,0.0,23.0
gspaytables,nh payscale,1,0,0.0,21.0
gspaytables,nh vs gs,1,0,0.0,19.0
gspaytables,nh-04 pay,1,0,0.0,21.0
gspaytables,nh-04 pay scale,1,0,0.0,20.0
gspaytables,nh-3 pay,1,0,0.0,19.0
gspaytables,nh-4 pay scale,1,0,0.0,27.0
gspaytables,nh-iv pay scale,1,0,0.0,18.0
gspaytables,nh02 pay scale 2026,1,0,0.0,32.0
gspaytables,nh2 pay scale,2,0,0.0,25.5
gspaytables,nj 04 pay scale,1,0,0.0,17.0
gspaytables,nj-04 pay scale,1,0,0.0,18.0
gspaytables,no pay raise for federal employees in 2027,1,0,0.0,8.0
gspaytables,norfolk gs pay scale,1,0,0.0,21.0
gspaytables,norfolk gs pay scale 2026,1,0,0.0,10.0
gspaytables,norfolk gs scale,2,0,0.0,9.5
gspaytables,norfolk virginia beach added to gs locality pay areas,21,0,0.0,21.4
gspaytables,nyc gs pay scale 2025,1,0,0.0,29.0
gspaytables,nyc gs scale,1,0,0.0,28.0
gspaytables,nyc locality pay,3,0,0.0,12.7
gspaytables,nyc pay scale 2026,1,0,0.0,10.0
gspaytables,nys salary schedule 2026,1,0,0.0,1.0
gspaytables,ok gs,1,0,0.0,5.0
gspaytables,oklahoma gs pay scale,1,0,0.0,5.0
gspaytables,oklahoma gs pay scale 2026,4,0,0.0,4.5
gspaytables,omaha gs pay scale 2026,1,0,0.0,22.0
gspaytables,opm 2027 pay raise,1,0,0.0,8.0
gspaytables,opm chicago,1,0,0.0,22.0
gspaytables,opm denver,33,0,0.0,20.3
gspaytables,opm gs pay scale dc,1,0,0.0,42.0
gspaytables,opm gs pay table,1,0,0.0,26.0
gspaytables,opm gs pay tables,2,0,0.0,17.5
gspaytables,opm hawaii pay scale 2026,3,0,0.0,11.0
gspaytables,opm pay charts,1,0,0.0,28.0
gspaytables,opm pay grade,1,0,0.0,21.0
gspaytables,opm pay raise 2027,1,0,0.0,11.0
gspaytables,opm pay scale,1,0,0.0,22.0
gspaytables,opm pay scale rest of us,1,0,0.0,34.0
gspaytables,opm pay table,1,0,0.0,17.0
gspaytables,opm pay tables,5,0,0.0,25.8
gspaytables,opm philadelphia,1,0,0.0,38.0
gspaytables,opm salaries and wages,2,0,0.0,28.5
gspaytables,opm salary table,1,0,0.0,27.0
gspaytables,opm salary tables,3,0,0.0,25.0
gspaytables,opm salary tables 2027,2,0,0.0,10.5
gspaytables,oregon pay scale,1,0,0.0,21.0
gspaytables,oregon state employee pay scale,1,0,0.0,24.0
gspaytables,orlando florida,1,0,0.0,3.0
gspaytables,pa pay scale 2026,3,0,0.0,9.7
gspaytables,pa st pay scale 2026,4,0,0.0,24.5
gspaytables,pay for gs 11,1,0,0.0,39.0
gspaytables,pay for gs 12,1,0,0.0,28.0
gspaytables,pay for gs 15,2,0,0.0,22.0
gspaytables,pay grade 13 city of houston,5,0,0.0,9.4
gspaytables,pay grade 4200 salary,1,0,0.0,68.0
gspaytables,pay grade 9 salary,1,0,0.0,56.0
gspaytables,pay gs,1,0,0.0,35.0
gspaytables,pay increase 2027,1,0,0.0,64.0
gspaytables,pay raise,10,0,0.0,33.9
gspaytables,pay raise form,10,0,0.0,43.8
gspaytables,pay raise or pay rise,1,0,0.0,75.0
gspaytables,pay rate for gs 11,1,0,0.0,34.0
gspaytables,pay rise or pay raise,2,0,0.0,33.0
gspaytables,pay scale and grade pay,1,0,0.0,39.0
gspaytables,pay scale dc,1,0,0.0,29.0
gspaytables,pay scale federal government,1,0,0.0,31.0
gspaytables,pay scale for gs,4,0,0.0,27.2
gspaytables,pay scale for gs 11,1,0,0.0,23.0
gspaytables,pay scale for gs 14,2,0,0.0,38.0
gspaytables,pay scale for gs 15,1,0,0.0,24.0
gspaytables,pay scale for gs 5,1,0,0.0,27.0
gspaytables,pay scale for gs 9,1,0,0.0,25.0
gspaytables,pay scale grade,1,0,0.0,55.0
gspaytables,pay scale grades,1,0,0.0,39.0
gspaytables,pay scale gs 11,1,0,0.0,17.0
gspaytables,pay scale gs 5,3,0,0.0,29.7
gspaytables,pay scale gs 7,1,0,0.0,28.0
gspaytables,pay scale gs 9,1,0,0.0,28.0
gspaytables,pay scales local government,1,0,0.0,72.0
gspaytables,pay tables,2,0,0.0,57.0
gspaytables,pay tables opm,1,0,0.0,21.0
gspaytables,payscale austin,1,0,0.0,42.0
gspaytables,payscale san diego,1,0,0.0,40.0
gspaytables,paytables,4,0,0.0,22.5
gspaytables,pittsburgh gs scale,1,0,0.0,9.0
gspaytables,portland gs pay scale 2026,3,0,0.0,27.3
gspaytables,portland locality pay,5,0,0.0,10.4
gspaytables,promotion scale,1,0,0.0,43.0
gspaytables,provincial government pay scale,2,0,0.0,58.0
gspaytables,quantico,1,0,0.0,5.0
gspaytables,raleigh gs pay scale,1,0,0.0,8.0
gspaytables,raleigh gs pay scale 2026,11,0,0.0,8.5
gspaytables,raleigh gs scale,2,0,0.0,10.0
gspaytables,rest of us gs pay scale,1,0,0.0,35.0
gspaytables,rest of us locality,1,0,0.0,10.0
gspaytables,rest of us pay scale 2026,1,0,0.0,21.0
gspaytables,revised pay,1,0,0.0,35.0
gspaytables,richmond gs pay scale 2026,1,0,0.0,27.0
gspaytables,rus gs pay scale,1,0,0.0,39.0
gspaytables,sacramento county pay scale,1,0,0.0,35.0
gspaytables,sacramento gs pay scale 2026,1,0,0.0,28.0
gspaytables,salary for gs 11,2,0,0.0,28.0
gspaytables,salary for gs 14,2,0,0.0,18.0
gspaytables,salary for gs 15,1,0,0.0,27.0
gspaytables,salary grade 2019,1,0,0.0,29.0
gspaytables,salary grade g,1,0,0.0,75.0
gspaytables,salary gs 11,1,0,0.0,32.0
gspaytables,salary increase 2027,1,0,0.0,10.0
gspaytables,salary scale state of maryland,1,0,0.0,58.0
gspaytables,salary schedule state of alaska,2,0,0.0,46.0
gspaytables,salary table,2,0,0.0,6.0
gspaytables,san antonio gs pay,2,0,0.0,10.5
gspaytables,san antonio gs pay scale,1,0,0.0,17.0
gspaytables,san antonio gs pay scale 2026,1,0,0.0,11.0
gspaytables,san diego pay scale,3,0,0.0,53.0
gspaytables,san diego wage,1,0,0.0,72.0
gspaytables,san francisco gs pay scale,1,0,0.0,62.0
gspaytables,san francisco gs pay scale 2026,2,0,0.0,35.5
gspaytables,san jose city salaries,1,0,0.0,49.0
gspaytables,sc pay bands,3,0,0.0,34.7
gspaytables,sc state pay bands,3,0,0.0,36.0
gspaytables,sc state pay bands 2026,1,0,0.0,8.0
gspaytables,sc state salary bands,1,0,0.0,39.0
gspaytables,seattle gs,1,0,0.0,10.0
gspaytables,seattle gs pay,1,0,0.0,11.0
gspaytables,seattle gs pay scale,5,0,0.0,26.2
gspaytables,seattle gs pay scale 2026,1,0,0.0,25.0
gspaytables,seattle gs scale,1,0,0.0,11.0
gspaytables,seattle pay scale,2,0,0.0,31.5
gspaytables,sg 14 salary,1,0,0.0,43.0
gspaytables,sg 9 salary,1,0,0.0,47.0
gspaytables,sg-14 salary,1,0,0.0,39.0
gspaytables,sg15 salary 2024,1,0,0.0,72.0
gspaytables,sg4 salary,1,0,0.0,75.0
gspaytables,south carolina pay bands,1,0,0.0,41.0
gspaytables,south carolina state pay bands,1,0,0.0,41.0
gspaytables,spokane gs pay scale 2026,2,0,0.0,10.0
gspaytables,state gs6-50-yrvit,1,0,0.0,95.0
gspaytables,state of alaska pay scale 2026,3,0,0.0,9.7
gspaytables,state of alaska pay scales,1,0,0.0,10.0
gspaytables,state of alaska pay schedule,2,0,0.0,48.0
gspaytables,state of alaska salaries,1,0,0.0,61.0
gspaytables,state of alaska salary schedule,1,0,0.0,40.0
gspaytables,state of delaware pay scale,1,0,0.0,29.0
gspaytables,state of ga pay grades,1,0,0.0,28.0
gspaytables,state of georgia pay grades 2026,5,0,0.0,6.2
gspaytables,state of georgia pay scale,1,0,0.0,24.0
gspaytables,state of hawaii pay scale,2,0,0.0,42.0
gspaytables,state of hawaii salaries,1,0,0.0,49.0
gspaytables,state of hawaii salary,2,0,0.0,49.5
gspaytables,state of hawaii salary schedule,1,0,0.0,25.0
gspaytables,state of indiana pay scale,1,0,0.0,53.0
gspaytables,state of maryland salary scale 2026,1,0,0.0,51.0
gspaytables,state of nevada pay grades 2026,1,0,0.0,9.0
gspaytables,state of ohio pay tables 2026,2,0,0.0,9.5
gspaytables,state of oregon payscale,2,0,0.0,22.0
gspaytables,state of ri pay grades,1,0,0.0,24.0
gspaytables,state of sc pay bands,2,0,0.0,32.0
gspaytables,state of south carolina pay bands,1,0,0.0,38.0
gspaytables,state of vermont pay chart 2026,22,0,0.0,7.0
gspaytables,state pay grades,1,0,0.0,21.0
gspaytables,state pay scale,6,0,0.0,9.3
gspaytables,state pay scale 2026,4,0,0.0,7.8
gspaytables,step increase schedule gs,1,0,0.0,53.0
gspaytables,titusville fl salary,3,0,0.0,29.3
gspaytables,titusville gs pay scale,2,0,0.0,10.5
gspaytables,titusville gs scale,2,0,0.0,11.0
gspaytables,tn gs,1,0,0.0,8.0
gspaytables,tx gs,1,0,0.0,11.0
gspaytables,united states government pay scale,1,0,0.0,25.0
gspaytables,us government gs scale,1,0,0.0,29.0
gspaytables,us government pay scale,3,0,0.0,64.7
gspaytables,us government payscale,1,0,0.0,26.0
gspaytables,us govt pay scale,1,0,0.0,17.0
gspaytables,us locality,1,0,0.0,29.0
gspaytables,us opm pay scale,1,0,0.0,39.0
gspaytables,us pay scale,1,0,0.0,36.0
gspaytables,uth pay table,2,0,0.0,40.5
gspaytables,va gs pay scale,1,0,0.0,29.0
gspaytables,va gs pay scale 2026,1,0,0.0,36.0
gspaytables,vbcps pay scale 26 27,3,0,0.0,38.0
gspaytables,vermont pay chart,1,0,0.0,21.0
gspaytables,virginia gs pay scale 2026,1,0,0.0,11.0
gspaytables,wage grade 6 pay scale,1,0,0.0,30.0
gspaytables,washington dc federal pay scale 2026,2,0,0.0,10.0
gspaytables,washington dc gs pay scale,2,0,0.0,36.0
gspaytables,washington dc gs scale,2,0,0.0,34.5
gspaytables,washington dc locality pay,2,0,0.0,40.0
gspaytables,washington dc pay scale,3,0,0.0,25.7
gspaytables,washington dc payscale,1,0,0.0,24.0
gspaytables,washington gs pay scale,1,0,0.0,39.0
gspaytables,washington pay rate,1,0,0.0,82.0
gspaytables,washington pay scale,1,0,0.0,14.0
gspaytables,wg 10 pay rate,1,0,0.0,36.0
gspaytables,wg 11 pay,1,0,0.0,34.0
gspaytables,wg pay scale seattle,1,0,0.0,38.0
gspaytables,wg vs gs pay scale,1,0,0.0,43.0
gspaytables,wg8 pay,1,0,0.0,27.0
gspaytables,what about corpus christi,1,0,0.0,2.0
gspaytables,what about new york state?,1,0,0.0,5.0
gspaytables,what are the salaries,1,0,0.0,4.0
gspaytables,what does a gs 10 make,1,0,0.0,34.0
gspaytables,what does a gs 15 make,1,0,0.0,32.0
gspaytables,what does a gs12 make,1,0,0.0,37.0
gspaytables,what does a gs15 make,1,0,0.0,26.0
gspaytables,what does a gs5 make,1,0,0.0,30.0
gspaytables,what does a gs6 make,1,0,0.0,9.0
gspaytables,what does gs 13 mean,2,0,0.0,37.5
gspaytables,what does gs-12 mean,1,0,0.0,33.0
gspaytables,what is a gs 11,1,0,0.0,29.0
gspaytables,what is a gs 12,1,0,0.0,46.0
gspaytables,what is a gs 13,2,0,0.0,35.0
gspaytables,what is a gs 5,2,0,0.0,38.0
gspaytables,what is a gs 7,1,0,0.0,34.0
gspaytables,what is a gs-11,1,0,0.0,29.0
gspaytables,what is a gs-12,1,0,0.0,46.0
gspaytables,what is a gs-13,1,0,0.0,34.0
gspaytables,what is a gs-14,1,0,0.0,39.0
gspaytables,what is a gs-5,1,0,0.0,32.0
gspaytables,what is a gs-7,1,0,0.0,35.0
gspaytables,what is a gs14,1,0,0.0,40.0
gspaytables,what is a gs15 salary,1,0,0.0,9.0
gspaytables,what is a gs4,3,0,0.0,52.0
gspaytables,what is a gs6,1,0,0.0,36.0
gspaytables,what is a gs7,1,0,0.0,36.0
gspaytables,what is gs 10 pay scale,1,0,0.0,11.0
gspaytables,what is gs 11,2,0,0.0,37.5
gspaytables,what is gs 12,5,0,0.0,45.0
gspaytables,what is gs 13,1,0,0.0,35.0
gspaytables,what is gs 14,2,0,0.0,35.0
gspaytables,what is gs 15,1,0,0.0,45.0
gspaytables,what is gs 15 pay scale,1,0,0.0,1.0
gspaytables,what is gs 5,2,0,0.0,37.0
gspaytables,what is gs 5 pay scale,1,0,0.0,37.0
gspaytables,what is gs 6 pay scale,1,0,0.0,33.0
gspaytables,what is gs 7,2,0,0.0,38.0
gspaytables,what is gs-07,1,0,0.0,25.0
gspaytables,what is gs-11,1,0,0.0,35.0
gspaytables,what is gs-12,1,0,0.0,42.0
gspaytables,what is gs-14,1,0,0.0,36.0
gspaytables,what is gs-15,1,0,0.0,44.0
gspaytables,what is gs-5,1,0,0.0,32.0
gspaytables,what is gs-7,1,0,0.0,39.0
gspaytables,what is gs11,1,0,0.0,34.0
gspaytables,what is gs12,1,0,0.0,40.0
gspaytables,what is gs4 pay,3,0,0.0,13.3
gspaytables,what is gs5 pay scale,1,0,0.0,10.0
gspaytables,what is gs7,1,0,0.0,34.0
gspaytables,what is locality pay,4,0,0.0,31.2
gspaytables,what is locality pay for federal employees,2,0,0.0,51.0
gspaytables,what is locality payment,1,0,0.0,37.0
gspaytables,what is nh-03,1,0,0.0,21.0
gspaytables,what is salary grade 15,1,0,0.0,52.0
gspaytables,what is the nh pay scale,1,0,0.0,30.0
gspaytables,what is the nh pay scale in the federal government,1,0,0.0,31.0
gspaytables,what is the salary of a gs-13,1,0,0.0,32.0
gspaytables,whats gs-14,1,0,0.0,54.0
gspaytables,when is the next raise,1,0,0.0,10.0
gspaytables,will federal employees get a raise in 2027,2,0,0.0,2.5
gspaytables,years between gs steps,1,0,0.0,58.0
gspaytables,штат монтана,1,0,0.0,7.0
mileagecurve,"flat_rcl_post_2010" github,2,0,0.0,3.0
mileagecurve,04 prius mpg,1,0,0.0,55.0
mileagecurve,08 jeep liberty problems,1,0,0.0,51.0
mileagecurve,1991 ford explorer mpg,1,0,0.0,49.0
mileagecurve,1992 toyota camry value,1,0,0.0,60.0
mileagecurve,1995 maxima,1,0,0.0,40.0
mileagecurve,1996 honda civic gas mileage,1,0,0.0,49.0
mileagecurve,1997 2001,1,0,0.0,41.0
mileagecurve,1997 2003 ford f150,1,0,0.0,47.0
mileagecurve,1997 honda accord reliability,1,0,0.0,29.0
mileagecurve,1997 honda cr-v problems,1,0,0.0,45.0
mileagecurve,1997-2001,1,0,0.0,36.0
mileagecurve,1997-2003 f150,1,0,0.0,45.0
mileagecurve,1998 jeep cherokee problems,1,0,0.0,56.0
mileagecurve,1998 jeep grand cherokee problems,2,0,0.0,55.0
mileagecurve,1998 jeep grand cherokee reliability,2,0,0.0,51.0
mileagecurve,1998 subaru forester problems,2,0,0.0,40.5
mileagecurve,1998 toyota sienna problems,1,0,0.0,37.0
mileagecurve,1999 subaru outback problems,1,0,0.0,32.0
mileagecurve,1999 subaru outback reliability,1,0,0.0,34.0
mileagecurve,1999 toyota sienna problems,2,0,0.0,35.5
mileagecurve,2000 ford focus problems,1,0,0.0,63.0
mileagecurve,2000 honda civic problems,3,0,0.0,50.7
mileagecurve,2000 toyota tundra problems,3,0,0.0,45.3
mileagecurve,2001 chrysler town and country problems,1,0,0.0,54.0
mileagecurve,2001 highlander problems,1,0,0.0,54.0
mileagecurve,2001 hyundai santa fe,2,0,0.0,37.0
mileagecurve,2001 hyundai santa fe problems,2,0,0.0,57.5
mileagecurve,2001 kia sportage problems,2,0,0.0,60.5
mileagecurve,2001 toyota highlander problems,1,0,0.0,34.0
mileagecurve,2001 toyota highlander reliability,1,0,0.0,57.0
mileagecurve,2002 chevy trailblazer problems,1,0,0.0,49.0
mileagecurve,2002 chrysler town and country problems,1,0,0.0,50.0
mileagecurve,2002 dodge caravan problems,2,0,0.0,50.0
mileagecurve,2002 dodge ram 1500 recalls,1,0,0.0,53.0
mileagecurve,2002 hyundai santa fe problems,1,0,0.0,53.0
mileagecurve,2002 kia sportage problems,4,0,0.0,46.0
mileagecurve,2002 kia sportage reliability,1,0,0.0,69.0
mileagecurve,2002 subaru forester problems,6,0,0.0,41.8
mileagecurve,2002 subaru forester reliability,1,0,0.0,59.0
mileagecurve,2002 to 2008 dodge ram,1,0,0.0,36.0
mileagecurve,2002 trailblazer issues,1,0,0.0,53.0
mileagecurve,2002 trailblazer problems,2,0,0.0,40.5
mileagecurve,2002 trailblazer reliability,1,0,0.0,42.0
mileagecurve,2003 4runner issues,1,0,0.0,29.0
mileagecurve,2003 dodge durango problems,2,0,0.0,42.0
mileagecurve,2003 dodge durango reliability,2,0,0.0,43.0
mileagecurve,2003 honda odyssey problems,1,0,0.0,49.0
mileagecurve,2003 honda pilot,1,0,0.0,69.0
mileagecurve,2003 honda pilot fuel economy,1,0,0.0,43.0
mileagecurve,2003 honda pilot gas mileage,2,0,0.0,43.0
mileagecurve,2003 honda pilot lx,1,0,0.0,67.0
mileagecurve,2003 honda pilot mpg,1,0,0.0,38.0
mileagecurve,2003 honda pilot transmission recall,1,0,0.0,55.0
mileagecurve,2003 nissan murano,1,0,0.0,40.0
mileagecurve,2003 nissan murano gas mileage,1,0,0.0,56.0
mileagecurve,2003 nissan murano problems,4,0,0.0,47.2
mileagecurve,2003 nissan murano reliability,2,0,0.0,58.5
mileagecurve,2003 nissan murano sl,1,0,0.0,60.0
mileagecurve,2003 subaru forester problems,2,0,0.0,36.5
mileagecurve,2003 toyota 4runner gas mileage,1,0,0.0,41.0
mileagecurve,2003 toyota 4runner mpg,2,0,0.0,50.5
mileagecurve,2003 toyota 4runner problems,3,0,0.0,36.3
mileagecurve,2003 trailblazer problems,2,0,0.0,35.0
mileagecurve,2003 volvo xc90 problems,3,0,0.0,54.0
mileagecurve,2003 volvo xc90 reliability,3,0,0.0,59.7
mileagecurve,2003-2009,1,0,0.0,9.0
mileagecurve,2003-2009 4runner,1,0,0.0,38.0
mileagecurve,2004 buick lacrosse,1,0,0.0,59.0
mileagecurve,2004 chrysler pacifica problems,2,0,0.0,39.0
mileagecurve,2004 chrysler pacifica reliability,1,0,0.0,72.0
mileagecurve,2004 honda odyssey problems,2,0,0.0,44.0
mileagecurve,2004 honda odyssey reliability,2,0,0.0,47.0
mileagecurve,2004 honda odyssey transmission recall,1,0,0.0,60.0
mileagecurve,2004 prius gas mileage,1,0,0.0,46.0
mileagecurve,2004 prius mpg,1,0,0.0,56.0
mileagecurve,2004-2009 toyota prius,1,0,0.0,53.0
mileagecurve,2005 buick allure problems,1,0,0.0,43.0
mileagecurve,2005 buick lacrosse problems,4,0,0.0,53.2
mileagecurve,2005 buick lacrosse reliability,1,0,0.0,53.0
mileagecurve,2005 chrysler pacifica problems,1,0,0.0,45.0
mileagecurve,2005 chrysler town and country problems,1,0,0.0,61.0
mileagecurve,2005 kia sportage problems,2,0,0.0,66.0
mileagecurve,2005 kia sportage reliability,2,0,0.0,56.5
mileagecurve,2005 pontiac g6 reliability,1,0,0.0,43.0
mileagecurve,2005 tacoma problems,2,0,0.0,51.5
mileagecurve,2005 tacoma reliability,2,0,0.0,57.5
mileagecurve,2005 toyota tacoma problems,1,0,0.0,54.0
mileagecurve,2005 toyota tacoma recalls,1,0,0.0,60.0
mileagecurve,2006 chrysler pacifica problems,3,0,0.0,72.0
mileagecurve,2006 chrysler town and country problems,2,0,0.0,49.0
mileagecurve,2006 dodge grand caravan problems,2,0,0.0,41.0
mileagecurve,2006 ford explorer common problems,1,0,0.0,49.0
mileagecurve,2006 ford explorer problems,1,0,0.0,58.0
mileagecurve,2006 ford explorer recalls,1,0,0.0,55.0
mileagecurve,2006 ford explorer reliability,2,0,0.0,52.0
mileagecurve,2006 hyundai santa fe life expectancy,1,0,0.0,29.0
mileagecurve,2006 hyundai santa fe problems,2,0,0.0,64.5
mileagecurve,2006 hyundai santa fe reliability,3,0,0.0,51.3
mileagecurve,2006 santa fe,1,0,0.0,33.0
mileagecurve,2007 - 2021,1,0,0.0,3.0
mileagecurve,2007 chrysler town and country problems,2,0,0.0,61.0
mileagecurve,2007 dodge caravan problems,3,0,0.0,50.3
mileagecurve,2007 dodge grand caravan problems,3,0,0.0,60.0
mileagecurve,2007 honda cr v recalls,2,0,0.0,30.5
mileagecurve,2007 honda crv common problems,1,0,0.0,37.0
mileagecurve,2007 honda crv issues,1,0,0.0,43.0
mileagecurve,2007 honda crv problems,2,0,0.0,30.5
mileagecurve,2007 honda crv recalls,1,0,0.0,63.0
mileagecurve,2007 nissan murano life expectancy,2,0,0.0,44.5
mileagecurve,2007 nissan murano reliability,1,0,0.0,58.0
mileagecurve,2007 toyota highlander hybrid problems,1,0,0.0,44.0
mileagecurve,2007 toyota highlander life expectancy,1,0,0.0,30.0
mileagecurve,2007 toyota highlander problems,2,0,0.0,42.5
mileagecurve,2007 toyota highlander v6 problems,1,0,0.0,65.0
mileagecurve,2007 toyota tundra recall,1,0,0.0,51.0
mileagecurve,2007 toyota tundra recalls,1,0,0.0,64.0
mileagecurve,2007 tundra recalls,1,0,0.0,70.0
mileagecurve,2007-2011,1,0,0.0,52.0
mileagecurve,2007-2021 toyota tundra,1,0,0.0,95.0
mileagecurve,2008 acura csx reliability,1,0,0.0,55.0
mileagecurve,2008 chrysler pacifica problems,2,0,0.0,53.5
mileagecurve,2008 ford focus life expectancy,1,0,0.0,40.0
mileagecurve,2008 ford focus reliability,1,0,0.0,49.0
mileagecurve,2008 jeep liberty gas mileage,1,0,0.0,52.0
mileagecurve,2008 jeep liberty mpg,1,0,0.0,41.0
mileagecurve,2008 jeep liberty problems,5,0,0.0,30.8
mileagecurve,2008 jeep liberty recalls,4,0,0.0,54.8
mileagecurve,2009 buick lacrosse problems,1,0,0.0,32.0
mileagecurve,2009 chevrolet trailblazer problems,1,0,0.0,65.0
mileagecurve,2009 forester problems,1,0,0.0,41.0
mileagecurve,2009 honda fit problems,1,0,0.0,37.0
mileagecurve,2009 honda fit recalls,2,0,0.0,60.0
mileagecurve,2009 nissan maxima problems,1,0,0.0,59.0
mileagecurve,2009 nissan maxima reliability,3,0,0.0,61.0
mileagecurve,2009 subaru forester common problems,1,0,0.0,37.0
mileagecurve,2009 subaru forester life expectancy,1,0,0.0,27.0
mileagecurve,2009 subaru forester problems,5,0,0.0,31.4
mileagecurve,2009 toyota tundra problems,1,0,0.0,53.0
mileagecurve,2010 ford focus mileage,1,0,0.0,55.0
mileagecurve,2010 hyundai tucson problems,1,0,0.0,61.0
mileagecurve,2010 jeep liberty recalls,1,0,0.0,54.0
mileagecurve,2010 pontiac g6 reliability,1,0,0.0,44.0
mileagecurve,2010 prius mileage,1,0,0.0,56.0
mileagecurve,2010 toyota prius life expectancy,1,0,0.0,29.0
mileagecurve,2011 kia sorento reliability,1,0,0.0,55.0
mileagecurve,2011 kia sorento reliability rating,1,0,0.0,67.0
mileagecurve,2011 toyota sienna life expectancy,1,0,0.0,29.0
mileagecurve,2011 toyota sienna recalls,1,0,0.0,71.0
mileagecurve,2012 jeep liberty gas mileage,1,0,0.0,26.0
mileagecurve,2012 jeep liberty mpg,1,0,0.0,37.0
mileagecurve,2012 jeep liberty reliability,1,0,0.0,52.0
mileagecurve,2014 highlander problems,2,0,0.0,47.0
mileagecurve,2015 toyota sienna life expectancy,1,0,0.0,30.0
mileagecurve,2016 kia sorento issues,1,0,0.0,71.0
mileagecurve,2016 kia sorento mileage,1,0,0.0,37.0
mileagecurve,2016 kia sorento problems,1,0,0.0,71.0
mileagecurve,2016 maxima problems,1,0,0.0,58.0
mileagecurve,2016 nissan maxima issues,1,0,0.0,58.0
mileagecurve,2016 nissan maxima life expectancy,1,0,0.0,33.0
mileagecurve,2016 nissan maxima reliability,2,0,0.0,73.0
mileagecurve,2016 nissan maxima sl reliability,1,0,0.0,47.0
mileagecurve,2016 nissan maxima sv reliability,1,0,0.0,46.0
mileagecurve,2016 pilot mileage,1,0,0.0,64.0
mileagecurve,2018 chevy equinox common problems,1,0,0.0,52.0
mileagecurve,2018 chevy equinox premier problems,1,0,0.0,42.0
mileagecurve,2018 chevy equinox recalls,2,0,0.0,89.0
mileagecurve,2018 honda odyssey problems,1,0,0.0,50.0
mileagecurve,2018 nissan maxima issues,1,0,0.0,56.0
mileagecurve,2018 nissan maxima problems,2,0,0.0,51.0
mileagecurve,2019 toyota highlander life expectancy,1,0,0.0,46.0
mileagecurve,2020 kia sorento life expectancy,1,0,0.0,54.0
mileagecurve,2021 chevy tahoe reliability rating,1,0,0.0,54.0
mileagecurve,2021 kia sportage life expectancy,1,0,0.0,78.0
mileagecurve,2021 tahoe reliability,1,0,0.0,51.0
mileagecurve,2021 toyota tundra common problems,1,0,0.0,58.0
mileagecurve,2024 chevrolet equinox issues,2,0,0.0,60.5
mileagecurve,2024 chevrolet equinox problems,1,0,0.0,61.0
mileagecurve,2024 chevy equinox lt problems,1,0,0.0,88.0
mileagecurve,2024 chevy equinox problems,1,0,0.0,53.0
mileagecurve,2024 toyota 4runner problems,1,0,0.0,61.0
mileagecurve,2024 toyota 4runner recalls,1,0,0.0,61.0
mileagecurve,2024 toyota camry problems,1,0,0.0,53.0
mileagecurve,2025 chevrolet tahoe reliability,1,0,0.0,61.0
mileagecurve,2025 chevy tahoe problems,1,0,0.0,43.0
mileagecurve,2025 chevy tahoe reliability,2,0,0.0,69.5
mileagecurve,2025 honda odyssey reliability,1,0,0.0,73.0
mileagecurve,2025 kia soul reliability,3,0,0.0,69.3
mileagecurve,2025 tahoe engine problems,1,0,0.0,44.0
mileagecurve,2025 tahoe recalls,1,0,0.0,71.0
mileagecurve,2025 tahoe reliability,1,0,0.0,60.0
mileagecurve,82000-65000,1,0,0.0,8.0
mileagecurve,91 explorer,1,0,0.0,74.0
mileagecurve,96 honda civic,2,0,0.0,49.0
mileagecurve,96-00 civic,1,0,0.0,66.0
mileagecurve,acura lifespan,1,0,0.0,58.0
mileagecurve,acura longevity,1,0,0.0,65.0
mileagecurve,acura mileage life,2,0,0.0,44.5
mileagecurve,acura reliability,6,0,0.0,53.8
mileagecurve,acura reliability ranking,1,0,0.0,75.0
mileagecurve,acura reliability rating,1,0,0.0,57.0
mileagecurve,acura reliability ratings,5,0,0.0,67.2
mileagecurve,acura years to avoid,1,0,0.0,63.0
mileagecurve,acuras reliability,1,0,0.0,48.0
mileagecurve,are 2002 kia sportage reliable?,1,0,0.0,57.0
mileagecurve,are 90s nissan pathfinders reliable?,1,0,0.0,36.0
mileagecurve,are dodge vehicles reliable,3,0,0.0,61.3
mileagecurve,are dodges reliable,3,0,0.0,57.7
mileagecurve,are pontiac cars reliable,1,0,0.0,52.0
mileagecurve,are pontiac reliable,2,0,0.0,61.5
mileagecurve,are pontiacs reliable cars,1,0,0.0,58.0
mileagecurve,are there any problems with the 2018 chevy equinox?,1,0,0.0,64.0
mileagecurve,average age of cadillac owner,1,0,0.0,69.0
mileagecurve,cadillac escalade reliability by year,1,0,0.0,52.0
mileagecurve,cadillac longevity,1,0,0.0,62.0
mileagecurve,cadillac mileage life,1,0,0.0,50.0
mileagecurve,cadillac reliability,5,0,0.0,51.4
mileagecurve,cadillac reliability ratings,2,0,0.0,61.5
mileagecurve,chevrolet cobalt recalls,1,0,0.0,83.0
mileagecurve,chevy cobalt problems,1,0,0.0,50.0
mileagecurve,chevy equinox 2018 problems,1,0,0.0,54.0
mileagecurve,chevy equinox 2024 problems,1,0,0.0,61.0
mileagecurve,civic 1996,1,0,0.0,45.0
mileagecurve,civic 96,1,0,0.0,38.0
mileagecurve,do acuras last a long time,1,0,0.0,60.0
mileagecurve,dodge charger reliability by year,1,0,0.0,59.0
mileagecurve,dodge grand caravan worst years,1,0,0.0,62.0
mileagecurve,dodge reliability,14,0,0.0,49.3
mileagecurve,dodge reliability rating,1,0,0.0,83.0
mileagecurve,dodge reliable,1,0,0.0,50.0
mileagecurve,ford focus 2010 mileage,1,0,0.0,56.0
mileagecurve,honda civic 1996 2000,1,0,0.0,24.0
mileagecurve,honda civic 96 00,1,0,0.0,39.0
mileagecurve,honda crv 2007 problems,1,0,0.0,45.0
mileagecurve,honda crv 2007 recall,1,0,0.0,60.0
mileagecurve,honda fit (2009–2013),1,0,0.0,55.0
mileagecurve,honda pilot sales figures,3,0,0.0,72.3
mileagecurve,how long can a 2003 honda pilot last?,2,0,0.0,36.5
mileagecurve,how long can a 2010 pontiac g6 last?,1,0,0.0,31.0
mileagecurve,how long do acura last,1,0,0.0,63.0
mileagecurve,how long do acuras last,2,0,0.0,61.0
mileagecurve,how long do toyota siennas last,10,0,0.0,25.6
mileagecurve,how long does a 2007 chrysler town and country last?,6,0,0.0,27.7
mileagecurve,how long does a acura last,1,0,0.0,56.0
mileagecurve,how long does acura last,1,0,0.0,57.0
mileagecurve,how long does an acura last,1,0,0.0,63.0
mileagecurve,how long should a 2011 kia sorento last?,1,0,0.0,34.0
mileagecurve,how long should a 2018 kia sorento last?,1,0,0.0,41.0
mileagecurve,how long toyota sienna last,1,0,0.0,23.0
mileagecurve,how long will a 2008 chrysler pacifica last?,4,0,0.0,31.8
mileagecurve,how long will a 2010 4runner last?,1,0,0.0,37.0
mileagecurve,how long will toyota sienna last,2,0,0.0,26.0
mileagecurve,how many miles can a 1997 nissan last?,2,0,0.0,64.0
mileagecurve,how many miles can a 2005 chrysler pacifica last?,1,0,0.0,64.0
mileagecurve,how many miles can a 2006 chevy cobalt last?,1,0,0.0,25.0
mileagecurve,how many miles can a 2010 hyundai tucson last?,3,0,0.0,35.0
mileagecurve,how many miles can a 2012 honda cr-v last?,1,0,0.0,33.0
mileagecurve,how many miles can a 2013 ford taurus last?,1,0,0.0,34.0
mileagecurve,how many miles can a 2018 equinox last?,1,0,0.0,43.0
mileagecurve,how many miles can a pontiac g6 last,1,0,0.0,8.0
mileagecurve,how many miles can a pontiac g6 last?,2,0,0.0,35.5
mileagecurve,how many miles can a sienna last,1,0,0.0,23.0
mileagecurve,how many miles can a toyota sienna last,11,0,0.0,22.2
mileagecurve,how many miles can an infiniti i35 last?,4,0,0.0,42.2
mileagecurve,how many miles can kia soul last,1,0,0.0,20.0
mileagecurve,how many miles do acuras last,1,0,0.0,46.0
mileagecurve,how many miles do cadillacs last,2,0,0.0,56.5
mileagecurve,how many miles do nissan last,1,0,0.0,54.0
mileagecurve,how many miles does a 2003 bmw 3 series last?,1,0,0.0,33.0
mileagecurve,how many miles does a 2004 ford expedition last?,1,0,0.0,45.0
mileagecurve,how many miles does a 2006 ford expedition last?,1,0,0.0,41.0
mileagecurve,how many miles does a 2006 ford explorer last?,1,0,0.0,46.0
mileagecurve,how many miles does a 2006 mitsubishi outlander last?,1,0,0.0,54.0
mileagecurve,how many miles does a 2006 pontiac torrent last?,3,0,0.0,54.0
mileagecurve,how many miles does a 2012 ford taurus last?,1,0,0.0,38.0
mileagecurve,how many miles does a 2015 ford taurus last?,1,0,0.0,33.0
mileagecurve,how many miles does a 2015 hyundai tucson last?,2,0,0.0,53.0
mileagecurve,how many miles does a 2016 ford taurus last?,2,0,0.0,43.5
mileagecurve,how many miles does a dodge charger last,2,0,0.0,10.0
mileagecurve,how many miles does a pontiac g5 last?,3,0,0.0,40.0
mileagecurve,how many miles does a toyota sienna last,1,0,0.0,22.0
mileagecurve,how many miles does acura last,1,0,0.0,45.0
mileagecurve,how many miles is a 2017 kia sportage good for?,6,0,0.0,29.3
mileagecurve,how many miles kia soul last,1,0,0.0,21.0
mileagecurve,how many miles should a 2015 prius last?,15,0,0.0,28.2
mileagecurve,how many miles should a 2019 subaru forester last?,1,0,0.0,21.0
mileagecurve,how many miles will a 1997 honda accord last?,2,0,0.0,37.0
mileagecurve,how many miles will a 1997 mercury grand marquis last?,1,0,0.0,14.0
mileagecurve,how many miles will a 2005 nissan murano last?,2,0,0.0,55.5
mileagecurve,how many miles will a 2008 jeep liberty last?,5,0,0.0,26.4
mileagecurve,how many miles will a 2009 acura last?,1,0,0.0,43.0
mileagecurve,how many miles will a 2010 focus last?,6,0,0.0,28.2
mileagecurve,how many miles will a 2014 jeep cherokee last?,4,0,0.0,23.2
mileagecurve,how many miles will a 2014 volvo xc90 last?,1,0,0.0,43.0
mileagecurve,how many miles will a 2018 ford taurus last?,1,0,0.0,37.0
mileagecurve,how many miles will a mercury grand marquis last?,2,0,0.0,21.0
mileagecurve,how many miles will a pontiac grand prix last?,1,0,0.0,36.0
mileagecurve,how reliable are dodge cars,1,0,0.0,53.0
mileagecurve,how reliable is a 2001 dodge caravan?,1,0,0.0,50.0
mileagecurve,hyundai reliability score,1,0,0.0,76.0
mileagecurve,infiniti mileage life,3,0,0.0,47.0
mileagecurve,infiniti reliability rating,2,0,0.0,77.5
mileagecurve,infiniti reliability ratings,2,0,0.0,61.0
mileagecurve,is acura reliable,1,0,0.0,62.0
mileagecurve,is cadillac reliable,1,0,0.0,51.0
mileagecurve,is dodge a reliable brand,1,0,0.0,65.0
mileagecurve,is the 1995 nissan maxima reliable?,7,0,0.0,26.3
mileagecurve,jeep cherokee mileage,1,0,0.0,57.0
mileagecurve,jeep liberty 2008 gas mileage,1,0,0.0,54.0
mileagecurve,jeep liberty 2008 problems,1,0,0.0,45.0
mileagecurve,kia reliability ratings,1,0,0.0,66.0
mileagecurve,kia reliability score,1,0,0.0,87.0
mileagecurve,kia sorento 2016 issues,2,0,0.0,66.5
mileagecurve,kia sorento 2016 mileage,2,0,0.0,60.0
mileagecurve,kia sorento mileage,1,0,0.0,88.0
mileagecurve,kia soul 2025 reliability,1,0,0.0,89.0
mileagecurve,kia soul average mileage life,1,0,0.0,40.0
mileagecurve,kia soul mileage,3,0,0.0,70.7
mileagecurve,kia soul mileage life,1,0,0.0,27.0
mileagecurve,kia soul miles,1,0,0.0,50.0
mileagecurve,kia sportage 2005 problems,1,0,0.0,64.0
mileagecurve,kia sportage high mileage,1,0,0.0,35.0
mileagecurve,kia sportage reliability by year,1,0,0.0,76.0
mileagecurve,mitsubishi car reliability,1,0,0.0,82.0
mileagecurve,mitsubishi mileage average lifetime,1,0,0.0,50.0
mileagecurve,mitsubishi reliability,5,0,0.0,72.0
mileagecurve,mitsubishi reliability ranking,1,0,0.0,73.0
mileagecurve,mitsubishi reliability rating,1,0,0.0,85.0
mileagecurve,mitsubishi reliability ratings,1,0,0.0,73.0
mileagecurve,mitsubishi vehicles reliability,1,0,0.0,66.0
mileagecurve,most reliable acura years,1,0,0.0,65.0
mileagecurve,nissan life expectancy,1,0,0.0,82.0
mileagecurve,nissan mileage,2,0,0.0,82.0
mileagecurve,nissan mileage life,2,0,0.0,61.0
mileagecurve,nissan murano 2007 reliability,1,0,0.0,55.0
mileagecurve,nissan murano mileage life,2,0,0.0,52.5
mileagecurve,pontiac g6 mileage,1,0,0.0,49.0
mileagecurve,pontiac g6 recalls,1,0,0.0,72.0
mileagecurve,pontiac mileage,1,0,0.0,34.0
mileagecurve,prius 2010 mileage,2,0,0.0,36.5
mileagecurve,problems with 2009 subaru forester,1,0,0.0,28.0
mileagecurve,problems with 2018 chevy equinox,2,0,0.0,50.0
mileagecurve,problems with 2024 chevy equinox,1,0,0.0,57.0
mileagecurve,reliability of acura,2,0,0.0,59.0
mileagecurve,reliability of cadillac,2,0,0.0,56.0
mileagecurve,reliability of mitsubishi,1,0,0.0,53.0
mileagecurve,reliable oldsmobile,1,0,0.0,35.0
mileagecurve,sportage 1995,1,0,0.0,65.0
mileagecurve,subaru forester 2009 problems,2,0,0.0,29.5
mileagecurve,subaru reliability by year,3,0,0.0,50.3
mileagecurve,toyota prius 2015 mileage,1,0,0.0,50.0
mileagecurve,toyota reliability statistics,1,0,0.0,77.0
mileagecurve,toyota sienna life expectancy,1,0,0.0,36.0
mileagecurve,toyota sienna problems by year,1,0,0.0,56.0
mileagecurve,volvo reliability,1,0,0.0,41.0
mileagecurve,what are common 2018 maxima problems?,1,0,0.0,62.0
mileagecurve,what are common problems with a 2009 subaru forester?,1,0,0.0,34.0
mileagecurve,what are common problems with the 2005 tacoma?,1,0,0.0,56.0
mileagecurve,what are the common problems with 2018 odysseys?,1,0,0.0,44.0
mileagecurve,what common problems did the 1998 cherokee have?,1,0,0.0,55.0
mileagecurve,what is the life expectancy of a 2025 kia soul?,4,0,0.0,39.0
mileagecurve,what is the problem with the 2001 chrysler town and country?,2,0,0.0,57.0
mileagecurve,what is the reliability track record of hyundai vehicles over the past decade?,8,0,0.0,84.9
mileagecurve,what is the resale value of a '95 maxima?,1,0,0.0,61.0
mileagecurve,what issues does the 2024 toyota camry have?,1,0,0.0,67.0
mileagecurve,what problems did the 2002 caravan have?,2,0,0.0,51.5
mileagecurve,what's the average lifespan of a 2009 tundra?,4,0,0.0,24.8
mileagecurve,worst years for nissan murano,1,0,0.0,60.0
